house_type,orientation,area,level,decoration,price
30,1,131,2,2,6
25,6,158.11,3,2,7
30,1,119.12,3,2,5
22,2,90.26,2,4,4
30,1,179.39,1,2,7
18,4,63.86,2,2,3
30,4,139,2,1,5
32,6,141,3,4,7
36,1,287.05,3,4,7
23,4,100,1,1,4
44,4,269.64,2,2,7
25,4,103,1,2,4
25,1,127,3,1,5
25,2,90.1,1,2,4
25,1,118.69,1,2,5
22,1,113.03,3,2,5
27,1,199,2,3,7
32,1,144.18,3,4,5
30,1,136.66,3,4,6
30,1,95,1,2,2
25,8,93,3,1,4
34,6,255.77,1,2,7
25,1,80.46,3,2,3
10,1,37,3,4,1
32,4,131.08,1,1,5
30,8,142.56,2,2,7
25,1,98,1,2,1
30,2,97.84,1,2,6
30,1,181,3,1,6
30,1,125.44,2,2,5
10,1,37,3,4,1
30,1,153,1,2,7
25,8,102.71,1,1,3
20,12,183,1,3,7
27,4,255,1,3,5
37,4,300.39,1,1,7
23,1,92.04,2,1,3
23,1,89.13,3,2,4
23,4,89,3,1,3
15,1,64.32,3,4,1
30,1,130,3,1,5
27,1,220,2,2,7
25,4,90.93,1,1,2
25,12,99.72,1,2,4
10,1,60,2,2,2
23,1,90.37,1,2,4
32,4,161.56,1,1,6
25,4,95,3,1,2
25,1,113,2,4,4
25,1,79,2,2,1
30,1,155,1,2,7
25,12,107.04,2,2,4
30,6,87.99,3,1,4
15,12,57.77,2,2,2
25,4,134.36,3,2,6
25,12,107.68,2,2,4
18,4,94.75,1,4,4
23,1,82,2,2,1
20,4,103.23,2,4,3
30,8,189.59,3,2,7
25,1,112.12,2,4,4
32,12,158.56,2,2,7
10,2,42.32,3,2,2
32,1,193.59,2,2,7
25,2,96.53,2,2,5
22,12,151.65,3,2,5
32,1,193.63,3,2,7
18,6,75.86,3,2,3
37,4,304.73,1,4,7
22,4,157.82,3,2,4
15,4,78.44,3,2,5
18,8,69.76,1,4,3
23,9,73.65,2,2,2
25,12,127.24,3,2,6
18,1,70.01,1,2,2
23,12,81.89,1,2,3
20,1,100.27,3,1,5
25,6,159.96,2,1,5
30,1,170,2,4,7
25,1,140.25,1,1,7
25,1,95.52,2,2,4
22,12,90.32,2,2,3
27,6,129.8,2,1,4
25,12,113.46,2,1,2
25,1,125.75,2,2,4
25,2,118.22,2,1,3
15,12,76.39,3,4,3
42,4,237.11,1,2,7
15,8,87.89,2,4,3
22,4,107,3,2,6
20,4,86.63,3,2,3
45,8,509,1,1,7
25,1,122,2,1,2
34,4,337.49,1,2,7
20,4,90.8,3,2,4
23,3,91.37,3,2,2
15,6,88.18,3,2,4
20,1,118,2,1,5
10,1,56,3,2,3
41,4,295.6,1,1,7
39,4,210.59,3,2,7
30,1,207.83,1,1,6
34,4,244,1,1,6
25,1,115.66,1,2,4
30,1,99.67,1,2,2
23,1,91.54,3,1,2
30,1,117.8,1,1,5
25,6,89.41,3,1,4
30,1,142,3,2,6
30,4,143.92,3,2,4
23,1,91.61,2,2,3
18,1,74.71,3,2,2
30,3,134.63,2,2,5
32,4,189.66,3,2,7
30,4,113.42,1,2,6
23,4,87.28,2,2,3
32,4,143,3,1,6
25,1,137.83,2,4,4
25,12,89.31,1,4,4
44,4,421.28,1,1,7
18,1,92,2,2,4
34,1,184.12,2,2,7
18,1,76.55,1,2,4
23,6,88.84,2,2,2
20,6,70.51,2,2,4
15,4,124.3,2,2,4
25,12,141,1,2,6
15,6,54,2,1,1
38,4,123,1,1,3
20,12,92.78,2,2,3
20,1,91.79,3,2,5
22,9,90,3,2,3
25,12,93,1,1,4
23,2,92.18,2,2,5
30,2,137.13,1,2,7
20,1,77.92,3,4,3
30,1,99.65,3,2,4
23,12,82,1,2,4
25,6,128.29,1,2,4
15,2,85.44,1,4,3
20,8,88.79,1,2,4
20,12,150.81,2,2,5
30,1,166.88,3,2,5
20,12,70.45,3,2,2
27,4,136.06,3,1,6
15,4,75.49,1,4,2
18,1,84.48,3,2,1
30,1,179.39,1,2,7
22,1,95.5,3,2,5
18,2,78.9,2,5,2
25,12,123,2,2,2
18,6,83.94,3,4,4
27,4,366,2,2,7
20,4,107.03,3,2,3
25,4,115.8,3,2,5
22,6,115.01,3,2,4
23,2,87.73,2,2,3
25,12,119.41,3,2,4
42,4,254,1,1,4
23,2,89.5,3,2,5
15,2,72.11,1,2,3
17,12,86.29,2,2,2
18,12,89.01,1,4,3
25,1,92.79,2,2,2
23,2,73.29,3,1,2
18,4,83.59,3,2,3
25,1,100.03,2,2,2
37,6,245,2,1,6
30,8,142.56,2,2,7
32,1,204.86,1,4,7
39,12,307.26,1,2,7
27,9,129.91,1,1,2
33,1,211.6,1,2,7
15,12,82.94,3,2,3
15,4,84.45,3,4,3
30,1,125.54,1,5,5
42,8,337.95,1,2,7
18,8,88.59,3,2,5
15,4,57.07,3,4,1
25,1,160,1,2,7
30,12,111.5,3,2,4
25,12,89.31,1,4,4
32,1,189.78,2,2,7
15,4,77.23,2,2,3
22,1,106.18,3,2,4
32,4,240,2,3,7
23,6,90.26,2,2,3
20,6,89.63,1,2,1
23,8,100.36,1,2,4
25,9,113.69,1,2,4
32,4,190,1,1,7
23,6,89.65,3,2,5
15,12,89.76,1,2,4
20,6,96.91,2,2,3
15,3,71.45,2,2,2
30,12,203.23,2,1,7
25,4,109.02,1,2,4
22,2,102,3,4,2
42,4,454.96,1,1,7
30,1,148.01,1,2,4
18,12,79.66,3,4,4
15,2,63.31,2,2,3
20,6,87.5,3,4,1
25,4,120.73,1,2,3
15,4,71.66,3,2,2
25,1,115,2,1,2
30,1,156.48,2,1,6
39,4,210.59,3,2,7
25,6,117.04,3,4,4
18,1,74,2,2,1
15,4,65.91,2,2,3
15,4,55.78,1,2,1
30,12,149.94,3,4,4
30,12,161.78,1,2,5
20,4,78.51,3,2,1
27,2,133.84,3,2,6
35,1,137.42,3,2,4
30,2,121.2,3,2,6
30,4,138.8,3,2,2
25,12,81.74,2,2,2
20,9,85.67,2,1,4
22,9,135.45,1,2,6
32,4,289,1,1,5
25,4,102,2,1,1
32,1,193.65,1,1,7
18,12,86.5,2,4,3
32,1,173,1,2,7
27,2,138.6,3,2,7
30,4,139.04,1,2,6
23,3,88.6,2,2,3
20,1,93.92,3,2,4
36,1,252.68,2,3,7
30,1,137.49,3,1,6
32,4,199,1,1,7
25,4,162.36,1,4,6
25,1,190.54,2,2,7
27,8,119.75,1,2,3
23,4,98.94,3,2,4
37,12,370.89,3,2,7
30,1,142,2,2,6
20,4,78.84,2,2,2
20,8,91.03,3,4,5
25,8,108.12,1,1,5
32,4,150,1,1,5
25,1,100.72,1,2,3
18,4,88.01,3,2,3
10,1,40.91,1,4,1
23,2,71.09,1,2,3
32,1,152.61,3,1,6
30,6,161.8,3,1,6
37,1,219.15,3,2,7
25,1,113,2,2,6
10,4,55.87,2,4,1
15,9,67.58,2,2,2
29,4,253.87,2,2,7
30,9,187,2,2,4
30,1,139.79,1,1,6
37,1,278,1,3,7
25,4,92,3,2,2
18,8,73.65,1,4,3
37,6,267,2,1,6
30,4,161,1,2,7
25,2,100.27,3,1,3
30,6,135.21,2,2,4
25,4,143,1,1,6
27,12,155.63,3,2,7
23,2,66.12,2,2,3
25,6,121.47,2,2,4
18,2,66.09,3,2,3
25,6,171.07,2,2,6
39,1,248,1,1,7
25,8,101.41,3,2,4
20,1,128.88,2,2,4
32,1,190,3,1,7
18,4,66,2,2,2
35,1,185.2,2,2,7
17,12,90.82,2,2,4
37,4,237.58,1,2,5
25,1,121.48,1,1,3
23,6,88.01,2,2,3
22,4,88.04,3,2,2
7,8,56.32,2,2,2
30,1,168.38,3,1,7
25,8,97.3,3,2,2
30,1,183.01,2,1,6
22,8,108.64,2,1,5
32,9,249,1,2,7
39,1,248.9,3,1,7
30,2,97.84,1,2,6
18,1,70.01,1,2,2
25,4,89.55,1,4,4
30,12,115.46,2,2,3
23,8,81.41,2,2,2
25,1,104.52,1,2,4
25,12,90.22,3,2,2
25,12,104.85,2,2,4
30,1,125.78,2,1,2
15,2,60.93,3,2,3
22,9,102.19,1,1,4
32,6,148.3,3,3,7
25,12,106,3,5,5
25,4,99.61,1,2,3
10,1,40,2,2,1
25,1,110,2,2,1
25,4,99.02,2,5,3
32,8,145,2,1,7
18,8,88,1,1,5
35,4,233.26,1,4,7
37,12,239.41,3,2,7
37,1,239.48,3,1,7
15,12,83.14,3,2,1
39,1,141,1,3,7
27,4,136.2,3,1,5
32,8,202,2,2,7
22,2,97,3,2,5
15,3,54.69,3,2,2
39,8,311.08,1,2,7
25,1,93,1,1,1
25,1,109.41,2,1,4
18,1,84.45,2,2,3
23,1,87.22,3,2,2
20,4,82.57,2,2,4
22,12,89.63,2,4,4
20,12,91.01,2,2,3
23,1,75.6,2,2,3
25,6,131.58,3,4,4
30,4,165.19,1,2,3
42,2,253,3,2,7
23,2,90.9,2,2,4
20,8,91.03,3,4,5
23,1,91.9,1,2,5
30,1,107,1,2,6
30,2,128,2,2,6
30,6,168.47,1,2,4
10,1,48,1,2,1
27,1,91.86,3,2,5
25,12,92.54,2,1,4
27,4,121,1,3,4
25,1,107.49,1,2,5
25,4,103.65,3,2,4
15,1,43,3,2,1
25,4,120.29,1,2,5
23,4,142,1,2,7
50,1,360.38,1,1,7
22,1,100.89,2,2,5
25,2,188.96,2,2,7
10,4,95.8,2,2,5
22,6,89.59,3,2,2
25,12,131.13,2,2,6
22,8,123.13,3,2,6
22,4,80,1,4,1
23,1,81,2,1,2
30,4,182.83,1,2,7
18,3,79.44,1,2,3
44,4,421.28,1,1,7
25,12,100.52,2,2,5
25,1,105.68,2,3,4
15,12,57.77,2,2,2
25,8,89.18,3,2,2
30,4,144,3,2,4
20,6,89.39,3,2,3
25,4,110.61,3,4,2
25,12,116.43,2,4,5
10,4,57,2,2,3
32,12,216.13,1,1,7
18,1,65.73,2,2,3
32,4,97.9,1,1,4
32,1,197.34,2,2,7
23,2,91.06,3,2,4
30,12,179.35,1,4,5
15,12,77.3,2,2,2
25,8,91.35,1,2,3
20,1,102,1,2,4
20,12,73.87,3,2,4
50,4,462.95,2,1,7
18,4,80.31,3,2,2
23,4,100.17,1,2,3
18,4,76.81,1,2,3
20,4,68.53,3,4,1
15,4,75.4,3,4,2
18,12,100.38,3,2,3
23,4,84.88,3,2,3
35,1,130.57,3,2,7
15,6,71.55,3,2,2
23,4,86.56,1,2,4
39,1,141,1,3,7
18,2,72.87,1,2,3
30,1,127.07,1,2,5
23,12,100.41,2,2,4
18,12,91.6,1,2,3
15,2,77.4,1,2,4
39,1,248.9,3,2,7
30,1,209,1,1,7
17,4,106.22,2,2,5
20,6,84.13,3,2,3
30,12,140.93,1,2,3
23,8,81.34,1,2,3
20,1,100.27,3,1,5
27,1,153,1,2,6
25,12,93.04,3,2,3
18,2,95.92,1,2,4
25,1,107,2,2,3
32,8,190,1,2,7
23,4,89.93,1,2,3
42,9,229.88,1,2,7
20,1,88.39,2,1,4
32,2,193.59,2,2,7
30,4,152.51,3,1,5
25,8,104.85,3,2,4
20,4,105.18,3,2,4
23,1,86.05,3,2,2
25,3,97.93,1,2,4
30,4,142.53,1,2,4
15,8,74.45,3,2,3
25,1,87.87,3,2,4
10,4,51.53,3,2,1
25,1,92.62,2,1,3
42,4,311.69,1,1,7
25,2,183.94,1,4,7
30,6,136,3,1,6
23,3,91.17,3,2,3
32,1,275.46,3,1,7
30,12,126,2,4,5
22,2,105.78,2,1,5
15,2,88.57,3,2,3
7,9,29.42,2,2,1
23,1,92.04,1,2,4
25,6,89.56,3,1,1
32,2,218,2,3,7
15,4,69.43,1,4,3
29,6,262.94,2,2,7
20,6,79.52,2,2,2
22,4,90.33,2,2,3
23,8,88.39,1,2,4
23,9,80.31,3,2,3
22,6,107.44,1,2,6
15,6,70.93,2,2,3
27,1,199,2,3,7
18,1,76.39,1,2,2
30,4,130.88,2,1,7
27,4,159.23,2,1,7
34,4,289,1,1,5
18,4,92.42,1,2,2
23,6,96.37,2,1,5
15,1,86.5,1,4,4
25,1,139.86,1,1,7
25,12,84.95,3,4,3
37,4,248.9,1,3,7
23,4,93.4,3,4,3
30,12,160.95,3,2,5
27,6,118.41,3,2,4
25,6,104.67,3,2,2
18,1,49.69,1,4,1
22,4,103.32,3,2,2
59,1,328,2,2,7
25,4,100.32,1,2,3
39,9,295.82,1,1,7
23,9,92.23,3,2,2
30,12,149.2,1,1,7
25,6,123.13,3,2,6
32,4,189.53,1,1,7
34,3,255.77,1,2,7
23,1,87.36,3,5,3
25,12,114.75,3,2,5
23,1,83.08,2,2,2
23,1,80.66,1,2,3
35,3,109.61,3,2,5
33,1,163.79,1,2,6
32,4,254.41,1,1,6
27,4,266,1,2,7
35,1,257.74,3,4,7
23,2,83.78,2,2,2
20,1,67.86,3,2,3
25,1,143.92,3,2,5
30,8,124.28,1,2,6
23,3,91.37,3,2,2
25,3,110.46,1,2,4
30,4,117,3,1,3
25,1,130.94,1,2,4
15,12,56.87,2,5,3
18,4,82.87,1,2,3
20,12,69.67,1,2,2
37,12,129.88,1,2,5
18,4,94.75,1,4,4
23,4,90.01,3,2,4
25,8,105.27,2,2,2
18,6,70.1,3,2,3
25,2,127.71,1,2,4
32,4,192.57,1,2,4
30,8,149.87,3,1,7
27,1,171.1,1,2,7
18,2,82,3,2,4
23,2,73.29,2,1,2
25,4,100,1,4,2
23,1,109.75,1,4,3
10,4,59.49,3,2,2
23,8,88.39,1,2,4
23,12,78.75,2,2,2
22,1,90.83,3,2,3
25,1,85.38,2,2,2
25,4,116.99,2,2,4
27,4,179.23,3,2,6
15,9,55.61,2,2,2
23,2,96.64,2,2,5
10,1,44.5,1,1,1
25,1,104.07,2,4,5
15,4,76.36,3,4,2
30,6,133.23,1,2,5
18,8,73.35,3,1,4
32,8,196.09,1,1,7
30,6,189.26,2,4,5
22,12,124.02,2,2,4
23,8,83.76,2,2,2
23,1,92.04,3,2,4
25,2,101.04,2,2,5
10,2,51.8,2,2,2
10,6,51.08,1,4,1
30,1,115.97,1,2,3
15,8,61.81,2,4,1
45,1,257,3,5,7
37,1,251.17,1,2,7
22,1,131.96,1,2,6
30,6,190,3,2,5
23,1,77,3,2,1
30,12,118.27,3,2,5
25,1,94,2,4,1
30,4,246.93,3,4,6
18,1,89.12,2,4,1
23,4,96.03,1,2,3
18,12,86.08,2,2,4
27,12,120.25,2,1,5
37,12,244.42,1,1,4
18,4,84.23,1,2,3
20,12,90.93,1,2,2
22,6,134.86,1,2,3
20,12,69.67,1,2,2
20,12,87.34,2,2,3
18,9,85.19,1,1,1
30,9,106.62,1,2,3
30,2,125.2,2,4,4
15,6,75.58,3,2,4
18,12,86.5,2,2,4
25,2,95.51,3,4,5
32,12,161.8,1,1,6
30,1,131.04,1,2,6
30,12,165.41,1,1,3
58,8,380,1,2,7
18,4,54.2,3,1,1
20,4,78.89,3,2,3
10,1,34.9,1,2,1
25,4,104.44,2,2,3
35,1,148,2,2,7
23,9,78.09,1,2,3
25,12,86.41,2,2,3
30,4,130.14,1,5,6
15,12,57.87,3,4,2
44,4,291,1,1,7
32,4,179,1,1,4
25,1,120.97,1,4,7
25,2,140.11,2,2,4
30,4,113.42,1,2,5
27,6,145.8,3,2,4
23,1,84,2,2,4
30,4,137.47,3,2,6
30,1,173,3,2,7
25,4,109.45,2,5,4
15,8,80.61,3,2,4
39,9,246.73,1,4,7
32,2,175,2,1,7
25,12,140.28,3,4,7
29,4,202.31,2,2,7
18,12,81.71,2,4,2
29,2,209.83,1,2,6
39,6,221.9,3,2,7
20,3,89.95,2,2,4
18,8,69.76,1,4,3
15,8,89.08,1,4,4
25,6,120.12,3,1,4
22,3,102.53,3,1,4
37,4,219.37,2,2,7
25,1,141,3,1,6
15,2,71.56,1,4,1
30,1,157.9,1,2,7
25,1,104.73,1,2,3
7,4,42.4,1,2,2
49,8,357.28,1,1,7
22,1,113.03,3,2,5
15,4,82.42,1,4,3
20,3,79.8,3,5,2
22,4,107.21,1,2,4
25,1,109.87,1,4,5
17,12,83.55,2,2,4
25,1,88.6,3,4,3
18,1,74.58,2,4,2
49,8,343,1,1,7
18,4,80,3,4,1
25,8,127.3,1,1,4
25,8,100.78,3,2,6
15,12,54.74,3,2,3
25,12,85,1,2,4
30,1,136.25,3,2,6
27,1,150.59,2,1,4
15,4,85.7,3,1,2
32,1,189.8,2,2,7
25,12,108.71,3,4,4
15,12,57.87,3,4,2
23,1,109,2,1,4
27,8,171,1,2,7
20,3,112.12,2,4,4
25,1,119.72,2,2,5
18,12,84.68,3,4,4
22,8,129.9,3,4,2
30,3,136,2,2,7
25,2,117.58,1,1,3
18,3,73.53,3,2,3
22,4,89.59,3,2,2
25,1,99.92,3,2,5
25,4,137.42,2,2,5
15,2,75.18,1,2,3
25,2,120.67,2,2,4
32,1,186,2,1,7
15,9,63.59,3,2,4
32,1,128.3,2,2,7
15,4,62.54,1,2,2
18,2,84.33,3,2,5
25,1,130.94,1,2,4
28,1,145.79,1,4,2
37,4,231,1,1,7
15,4,85.7,3,1,2
25,2,137.13,3,2,6
30,1,111.36,1,2,2
15,4,83.8,1,1,1
20,3,75.32,2,2,2
30,1,182.07,3,2,7
15,4,79.37,1,2,3
27,1,117.19,1,1,4
43,4,303,1,4,7
30,1,112.61,1,1,4
48,2,385,1,4,7
23,1,86.12,3,2,2
20,4,86.07,3,2,3
15,8,76.7,2,4,4
25,1,121.48,1,1,3
34,1,185.43,2,2,7
25,1,130.45,2,2,5
30,4,141,3,1,4
32,1,191.72,1,5,7
22,9,139.2,1,4,5
18,1,75.95,1,2,4
36,4,287,3,1,7
32,1,183.62,1,3,7
17,1,109.65,1,4,4
23,4,85.72,2,2,2
25,1,124.3,2,2,5
27,12,124.66,3,2,5
15,12,74.13,1,4,4
23,4,88.8,3,2,3
25,4,108,3,1,3
22,2,89.51,3,2,4
32,4,189.66,3,2,7
33,4,122.73,3,5,6
25,1,142,2,1,7
39,4,248.9,3,1,7
18,1,72.01,1,4,3
25,4,105,1,2,4
27,12,108.21,1,2,4
18,3,73.38,2,2,1
30,12,143,1,1,7
25,6,126.58,1,4,4
39,12,307.26,1,2,7
25,12,111,2,2,2
37,12,370.89,3,2,7
36,4,365.79,3,2,7
32,4,128.08,3,4,3
30,1,111.36,1,2,2
15,12,59.78,1,2,1
15,8,85.44,1,2,3
32,6,132.5,1,1,5
22,12,200.52,2,1,5
23,1,95.44,1,2,4
22,8,106.38,2,2,4
25,3,143.83,1,1,6
25,6,105,2,2,4
25,12,93.66,1,2,4
25,2,100.27,3,1,3
25,4,80.46,3,2,4
25,12,86.7,1,2,3
15,4,85,2,2,3
23,6,89.05,1,2,3
25,12,129,1,2,2
27,2,193.23,3,5,7
27,2,171,2,3,7
18,1,87.93,2,2,2
20,6,85.28,1,2,3
23,2,98.17,2,2,3
25,12,107.34,3,2,4
10,1,45,3,2,1
32,1,249.5,2,1,7
23,8,89.4,3,1,2
36,4,245.15,2,1,7
15,3,54.69,3,2,2
25,1,99.48,1,4,4
15,1,85.69,3,5,3
18,6,80.26,3,4,4
37,1,138.6,3,1,7
32,8,229,3,1,7
36,4,245.15,2,1,7
30,1,116.2,3,2,3
18,12,103.37,3,4,4
23,1,81.85,2,2,2
22,8,97.87,2,2,4
32,1,192.82,1,2,7
30,1,170.15,2,4,7
15,1,58.83,3,2,3
25,12,86.27,3,1,4
23,1,91.88,1,2,5
30,6,120.88,2,2,2
22,4,89,3,2,4
32,4,189.65,1,2,7
27,2,183.12,2,2,7
49,8,291,1,1,7
22,3,90.61,3,2,1
30,6,87.99,3,1,4
18,2,74,2,2,3
20,1,82.25,3,2,4
30,4,237.9,2,4,7
27,12,154.88,3,2,5
25,2,87.62,2,2,4
25,8,125.82,2,2,5
25,1,123.9,2,2,7
27,4,99.75,2,4,4
18,1,81.24,3,2,2
30,4,193.67,3,2,7
15,1,59.07,3,4,2
30,1,164.7,2,2,7
23,1,90.79,3,2,5
25,4,144.66,2,1,5
10,1,40.91,1,4,1
23,8,88.46,2,2,3
25,9,113.69,1,2,4
32,12,156,1,2,6
18,4,63.43,3,1,1
30,8,141,1,2,4
30,4,135,3,5,5
18,8,89.88,2,4,4
27,12,124.66,3,2,5
18,1,71.74,2,2,1
25,12,128.69,2,1,3
15,12,78.51,3,2,2
42,8,332,1,1,7
32,12,169.52,3,5,6
22,2,94.69,2,2,5
25,1,116,3,1,4
30,1,146.2,1,2,5
20,4,64,3,1,3
35,4,179,2,4,4
30,6,140.25,3,2,6
25,2,81.16,1,2,4
25,12,93,1,1,4
37,1,255,2,3,7
30,1,119.12,3,2,5
30,1,209,1,1,7
32,2,175,2,1,7
27,6,140,3,2,7
23,6,90.23,3,2,4
39,1,354,3,4,7
15,4,67.31,3,2,2
23,1,70.81,3,2,2
23,1,91.54,2,1,2
30,8,203.89,2,1,7
51,1,400,3,1,7
10,1,41.8,2,4,1
39,4,215,1,1,6
30,2,161.06,1,4,6
30,4,142.79,3,2,5
15,8,92.22,2,4,4
25,1,123.25,1,2,5
25,12,107,1,4,1
25,1,109,1,1,5
25,3,126.88,3,4,4
25,1,105.75,2,2,3
10,4,50,3,2,1
30,4,135.52,2,1,4
18,1,66,1,1,1
30,1,183,2,2,7
25,1,130.94,1,2,4
25,8,101.85,3,4,4
30,3,136,2,2,7
30,12,178,3,1,7
25,4,134.6,2,4,5
37,4,208.55,3,2,7
25,2,87.78,2,2,6
27,2,121,1,2,6
10,4,53.89,3,4,1
27,1,181.5,2,3,7
20,2,99.57,3,2,2
23,9,81.27,2,2,2
30,4,117,3,1,3
18,2,82,3,2,4
32,4,184,3,3,4
32,2,256.84,1,1,7
15,4,124.3,2,2,4
30,8,143.99,2,1,4
25,12,137.07,2,4,3
10,4,41,2,2,1
25,4,107.55,1,2,5
23,6,95.52,3,2,4
22,1,140.78,3,4,5
22,1,132.79,2,2,5
30,12,264.46,2,2,7
23,1,86,1,2,3
30,4,108.71,1,2,4
25,4,93,2,2,3
18,12,81.74,2,4,3
25,1,141.96,2,2,6
18,6,83.63,2,2,4
30,9,157.09,1,2,4
20,4,64.63,2,2,2
32,1,128.02,1,2,7
46,4,278,1,1,7
22,1,122.75,1,2,5
25,1,130.94,1,2,4
25,1,107.63,2,2,3
30,3,140.74,2,2,4
32,1,193.59,2,2,7
18,1,77.32,1,2,2
18,1,90.43,2,2,7
32,4,187,1,2,4
25,1,110,3,1,5
25,1,196,2,1,5
25,1,137,1,2,6
15,3,65,3,2,3
25,2,96.95,3,2,2
25,9,117.14,3,1,4
32,2,127.88,3,2,6
18,12,70,2,2,2
18,12,82.26,3,2,4
25,6,106.05,2,2,5
34,1,233,1,1,7
15,1,81.59,1,2,3
15,6,73.78,2,2,2
20,4,64,3,2,2
20,6,89.31,2,2,2
20,8,73.79,1,2,2
37,1,353.77,3,2,7
18,12,77.54,1,2,1
25,12,140.14,1,2,4
25,2,188.96,2,2,7
25,1,117,2,2,3
15,12,88.71,1,2,1
22,4,105.47,3,2,4
18,2,82,3,2,4
10,4,51.46,2,2,1
25,4,132.52,2,2,3
25,1,101.88,3,2,2
23,12,74.04,3,4,2
18,6,94.15,3,2,3
30,1,143.8,3,2,5
22,4,141.9,2,2,6
20,12,81.2,2,2,3
25,12,139.81,3,2,6
25,6,112,3,2,4
20,12,82.09,2,2,3
25,8,99.37,1,2,4
20,1,110.5,2,4,2
25,1,152.03,2,1,4
42,4,315,1,3,7
25,4,89.43,3,2,4
18,12,91.39,3,1,2
23,8,81.99,3,2,3
23,4,88.77,1,2,4
30,2,140.94,1,2,7
25,12,89,2,2,2
22,4,108.72,2,1,2
32,1,135.64,2,1,3
15,8,76.93,1,4,1
22,9,122.65,3,2,4
18,1,84.95,3,2,3
25,4,91,3,2,3
20,2,98.42,2,2,4
18,4,107.59,2,2,3
10,1,45,3,2,1
27,4,185.74,2,2,7
25,4,117.25,3,2,6
25,1,98,2,2,1
30,4,139,2,1,5
20,12,89.97,3,2,3
30,4,183,3,1,7
23,2,91.38,2,2,4
23,6,102.85,2,2,3
32,9,238.49,3,4,7
25,1,103.69,1,2,3
25,1,159.26,3,2,6
30,1,111.36,1,2,3
27,8,135.29,2,1,5
30,4,246.69,3,2,4
15,4,65.3,1,2,3
23,3,88.13,1,2,3
15,4,88.74,2,2,4
22,3,151.66,2,4,4
24,2,180.72,3,2,7
18,1,88.27,2,2,3
20,4,89.06,2,2,4
23,8,72.54,3,2,3
25,1,95.5,1,2,5
23,2,91.91,3,1,5
25,4,107.4,1,1,5
25,1,116.97,3,1,5
18,9,89.14,2,4,3
18,1,70.01,1,2,2
30,2,97.84,1,2,6
25,4,112.06,1,2,4
15,6,88.82,3,2,3
32,4,199.3,3,2,7
23,1,95.28,3,2,3
30,1,98,3,2,4
22,9,90,3,2,3
25,4,106.03,2,2,3
32,8,193.58,1,1,7
23,1,86.12,3,2,2
25,1,87.46,3,2,3
30,6,190.19,1,2,6
25,1,110.03,1,2,6
27,1,168,1,1,7
15,12,78.36,1,2,4
32,9,178,2,3,7
42,1,141.67,3,3,6
30,1,198.2,3,1,7
25,12,114.6,2,2,2
30,4,166.5,1,1,7
30,9,140.99,1,1,5
20,12,78.03,2,2,3
20,2,90.25,2,1,2
25,1,142.21,1,2,6
39,4,210.59,3,2,7
23,12,89.83,1,4,3
25,1,88.82,3,2,4
23,4,87.44,1,2,3
37,2,213.22,3,2,7
25,4,110.77,2,2,5
30,1,110.86,3,2,5
25,12,140.89,1,2,2
25,2,88.24,3,2,4
30,4,149,3,2,1
25,8,99.12,3,2,5
25,4,114,3,2,4
23,4,102.96,3,4,2
37,8,239.23,2,1,7
25,4,139.72,1,2,7
30,6,126,1,3,7
18,12,86,2,2,3
36,4,123.88,3,2,4
25,1,119.99,2,1,4
30,1,130.45,1,2,4
20,9,88,2,2,4
23,4,78.66,1,2,3
25,1,130.94,1,2,4
37,1,217.69,3,2,7
29,1,266,3,3,7
23,2,92.16,1,2,5
10,12,54.32,3,2,2
20,8,86.91,3,2,2
27,1,214.6,1,3,7
18,12,79.91,3,2,4
30,8,164.88,1,2,5
25,12,118.17,3,4,2
23,9,115.24,3,2,1
25,1,118,2,4,6
22,12,112.89,1,2,5
25,4,129,3,2,5
25,4,120.05,2,2,3
25,12,113.73,2,2,2
25,1,109.45,3,2,4
22,12,121.57,1,2,4
44,4,316.11,3,1,7
30,4,139.25,2,2,6
30,4,139.04,1,2,6
15,12,91.8,3,1,2
18,4,83.18,3,2,3
20,8,88.91,2,4,2
30,1,183.01,2,1,5
25,1,112.75,3,2,7
25,4,99,2,1,4
22,12,151.65,3,2,5
30,1,126.93,1,2,5
25,4,133.09,2,2,5
25,12,98,1,1,1
25,6,94.49,3,2,4
22,4,116.99,2,2,4
15,12,72,2,2,1
18,1,73.64,3,2,2
22,2,118.14,3,1,4
18,4,94.75,1,4,3
15,2,71.56,1,4,1
30,1,129,2,2,5
20,9,86.08,2,2,3
34,4,518.84,1,1,7
15,4,90.12,3,2,4
25,12,136.56,3,1,2
18,12,87.17,2,2,2
15,1,59,1,4,1
34,1,313.96,3,4,7
27,12,123.61,3,1,3
23,2,91.38,2,2,4
20,6,109.15,2,4,4
22,4,141.9,2,2,6
35,4,165.61,2,1,5
18,4,82.29,3,4,4
18,1,71.74,2,2,1
32,4,313.52,1,2,7
15,8,74.22,2,2,2
36,12,262.93,2,3,7
35,1,148,2,2,7
25,1,134,2,2,2
25,9,116,2,4,6
23,4,96.07,2,4,4
25,4,154.55,2,2,6
27,1,186,1,2,7
25,1,112.12,2,2,5
18,9,71.32,3,2,3
25,9,112.2,3,2,3
15,2,78.86,2,2,3
18,12,86.09,3,2,1
20,4,77.59,1,1,4
36,4,199,1,1,7
15,12,76.63,3,4,2
30,3,140.22,1,1,6
27,8,98.39,3,2,6
10,4,41,2,2,1
36,8,251.53,2,2,7
10,1,44.5,1,1,1
42,4,243.49,1,2,7
23,12,75,3,2,2
25,1,108.73,2,2,5
15,12,89.04,1,4,4
23,6,79,1,2,2
23,1,90.06,1,2,2
18,4,77.99,2,2,4
30,4,158.14,3,4,6
25,12,125.18,2,4,2
30,8,150.65,2,2,4
27,4,99.75,2,4,4
25,2,147.52,1,2,4
30,9,87.19,1,2,6
46,8,370,1,1,7
25,2,117,3,1,4
32,4,184,1,1,5
18,1,84.77,3,2,4
25,1,88.37,1,1,4
32,4,184,2,1,4
30,4,187.2,3,2,7
28,1,95.12,3,2,5
32,8,163,1,2,4
25,12,136.29,1,2,6
30,1,164.88,1,4,3
30,1,156.9,2,1,6
23,1,107.38,1,4,4
23,3,98.5,1,1,5
25,4,86.62,3,5,5
30,12,110.24,3,2,3
25,6,135.1,3,1,3
30,1,155.38,1,2,7
25,4,115.51,1,1,5
30,1,202.86,3,1,7
20,6,85.95,2,2,4
37,12,153.25,1,1,7
25,6,93.69,2,1,2
25,12,97,2,1,2
30,6,146.03,2,4,4
20,1,79.16,2,2,2
25,4,136.7,1,2,6
18,4,63.27,3,4,1
22,1,134.87,3,2,3
20,4,88.02,3,4,3
25,4,114.86,1,2,4
18,4,85.79,3,2,1
25,6,131.48,2,1,4
15,8,75.67,2,4,2
32,4,470.8,1,1,7
25,1,115.66,1,2,4
23,1,90.13,2,2,4
35,12,224.07,2,1,4
32,6,141,3,4,7
22,1,140.64,1,4,5
20,12,80.22,1,4,1
10,8,40,2,2,1
18,4,96.3,1,2,5
20,9,78.68,3,2,3
22,2,130.88,2,1,4
20,12,80.53,2,2,2
23,1,74.65,1,2,2
25,12,200.21,3,2,6
30,12,121.89,2,2,5
25,1,122.73,2,2,3
32,1,249.5,2,1,7
25,4,133.09,2,2,5
25,1,107,3,2,3
32,4,192.38,2,2,3
20,8,98.54,2,4,2
23,1,70.64,3,2,2
25,2,106.72,3,2,4
22,3,87.75,2,2,4
23,4,99.14,1,2,4
18,1,80.93,2,2,3
18,4,57.89,2,2,2
25,4,113,2,2,7
15,2,90.39,3,2,2
15,4,60.76,2,4,1
25,8,103.5,1,2,3
25,9,114.15,3,2,4
15,4,59.33,2,2,2
32,1,180,1,2,6
15,12,75,2,2,2
31,1,172.6,1,2,3
30,8,186.64,2,2,7
35,1,245.1,2,1,7
39,4,353.77,3,1,7
10,1,45,3,2,1
30,1,169,2,2,7
25,8,127.3,1,4,4
25,8,110.5,1,2,3
30,4,168.75,1,1,6
28,4,141.25,2,4,6
30,1,123.96,3,3,5
39,4,239.88,3,1,7
15,12,81.22,3,4,1
27,8,119.75,1,2,3
23,8,86.45,2,2,3
18,4,84.37,3,4,2
22,3,99.74,1,2,4
25,4,104.96,1,2,4
30,4,159,1,2,7
33,6,140,3,1,4
18,9,91.7,3,5,4
25,4,122.79,2,2,5
25,2,122.48,1,2,6
37,4,250.42,1,1,7
15,6,79.65,3,2,4
30,1,139,3,2,7
30,1,140.74,1,2,5
23,4,89.25,3,2,4
23,1,86.12,3,2,2
30,4,183,1,2,7
25,9,110.48,2,1,2
20,2,92.41,3,4,3
25,1,154,2,3,6
30,3,116.08,3,5,5
35,1,163.14,3,1,6
25,2,128.94,2,2,5
23,1,109.75,1,4,3
30,1,146.2,1,2,5
22,12,101.26,2,2,4
32,8,183,1,2,7
20,1,100.27,3,1,5
30,4,125.56,2,5,6
25,12,173.08,2,4,5
15,6,61.26,2,4,1
25,9,112.2,3,2,3
22,3,101.3,3,2,2
35,8,132.01,3,4,5
25,4,163.79,3,2,7
18,4,63.23,3,2,2
18,12,79.66,3,4,4
18,1,88.98,3,1,3
49,8,357.28,1,1,7
18,1,78.94,3,4,1
37,1,240,2,1,7
25,12,143.86,3,2,4
23,12,115.46,1,2,2
15,4,72.02,1,2,4
18,12,92,2,2,7
25,1,163.67,3,2,5
25,1,115.17,1,1,5
25,1,105.75,2,2,2
25,6,106.05,2,5,6
15,4,75,1,4,3
30,9,106.62,1,2,3
30,8,192.7,2,2,7
22,12,99.61,1,2,3
20,4,89,1,4,2
30,1,112.61,1,1,4
42,8,337.95,1,2,7
30,1,111.27,1,1,2
30,4,239.88,1,2,7
25,8,100.78,3,2,6
30,4,138.99,1,2,4
25,1,154.84,2,4,7
25,3,139.86,3,2,7
15,8,91.7,3,4,4
30,1,140.14,2,2,6
46,4,343,1,1,7
18,4,88.56,2,4,3
32,1,213.97,2,2,7
23,8,78,2,1,1
25,4,125,3,2,5
15,4,86.3,1,2,1
22,8,104.18,2,4,3
25,12,93.49,1,1,2
10,1,45,3,2,1
22,6,148.35,1,1,7
22,4,105.47,3,2,4
32,12,161.8,1,1,6
39,2,137.22,3,1,6
18,2,75.34,1,2,3
15,4,85.7,3,1,2
25,4,88.33,1,2,4
22,4,130.03,2,4,3
33,1,163.79,1,2,6
25,2,152,2,1,7
25,4,125.82,1,2,5
20,4,73.72,2,2,2
23,4,66.14,3,2,3
37,1,149.72,3,2,7
20,12,86.88,2,2,3
10,12,55.55,2,2,2
30,4,128,2,2,6
25,1,171,1,2,7
20,4,86.26,3,2,2
25,8,98.13,3,2,3
25,8,94.93,1,1,4
32,4,189.65,1,2,7
25,1,109,1,2,4
32,12,154.92,3,1,7
25,12,136.29,1,2,6
25,8,140,1,4,7
15,12,57.37,3,2,1
23,1,93,3,1,4
15,2,78.03,3,2,3
25,4,115.51,1,1,5
30,1,140.94,1,1,7
18,12,86.5,2,2,4
20,4,86.37,2,4,3
10,6,51.08,1,4,1
37,4,558,1,1,7
25,2,135.51,2,5,4
23,3,88.13,1,2,3
23,1,91.88,1,2,4
23,1,90.79,3,2,5
25,4,116,3,2,3
32,1,188.5,3,2,7
25,1,120.49,1,2,4
20,1,105,2,1,4
32,4,193.6,2,2,7
18,4,84.37,3,4,2
25,4,103.83,2,1,5
27,1,181.5,2,3,7
25,1,106.83,1,5,5
30,6,137,3,2,5
18,6,90.13,2,2,4
25,3,112.29,1,1,4
25,4,111.68,2,5,5
32,1,210.27,1,2,7
25,4,92.51,3,4,2
18,4,87.66,3,2,3
23,4,127.17,2,4,4
25,4,139.99,3,2,5
18,6,82.39,2,2,4
15,8,85.91,2,2,3
20,4,77.27,2,2,2
25,8,100,2,2,4
23,1,90,1,2,2
30,4,136,2,1,5
30,8,153.22,2,4,4
30,1,165,1,2,7
30,4,138.68,3,2,5
22,12,131.58,1,2,5
32,1,183.98,3,2,4
23,6,70.77,3,2,2
15,1,76.39,2,2,2
25,1,135.78,2,2,4
25,1,115.84,1,2,4
23,9,73.59,3,2,3
46,4,450,1,1,7
15,12,79.49,3,5,2
39,4,430,1,1,7
18,9,84.95,3,2,3
15,2,72.11,1,2,3
15,8,79.78,2,2,3
32,4,201.12,1,2,7
18,12,80.43,2,2,2
15,6,51.19,1,2,1
25,1,113,3,2,7
18,6,89.6,3,2,3
30,1,183.89,1,2,5
10,4,38.48,2,4,1
23,3,92.37,1,4,3
30,1,111.36,1,2,2
30,1,143.06,2,2,6
20,12,98.55,2,2,2
18,8,67.66,3,4,1
25,4,95.3,1,1,2
25,1,87.46,3,2,3
30,3,140.61,3,2,5
25,8,106.49,1,4,4
32,12,156,1,2,6
30,9,212.57,3,2,7
25,4,96.74,3,2,2
23,12,64,1,2,2
25,12,116.32,3,1,5
23,6,86.44,2,4,2
30,1,122.39,2,1,4
27,1,214.6,2,1,7
30,1,164.87,1,4,3
25,2,183.94,1,4,7
23,1,66.57,3,2,3
32,1,212.41,1,2,7
25,12,99.26,3,1,2
18,4,83.18,3,2,3
32,6,153.25,1,2,6
30,4,193.67,1,2,7
23,4,92.4,2,2,3
25,12,89.75,1,2,4
25,8,108.16,1,2,5
30,1,203.88,2,5,6
25,8,103.35,3,2,5
25,2,90.17,3,2,2
30,1,164,1,1,6
30,12,139.67,1,2,5
24,12,203,2,4,4
44,8,413,1,1,7
22,1,133.45,2,2,7
22,2,109,2,2,5
25,12,87.25,1,1,2
49,8,357.28,1,1,7
25,1,108,3,2,5
25,1,99.42,3,2,3
23,8,89.92,1,2,6
32,4,170.3,3,3,6
18,1,94.46,2,2,3
39,1,239.88,3,2,7
18,4,83.33,2,2,2
25,9,117.14,3,1,4
20,8,79.77,3,2,3
32,4,97.9,1,1,4
18,12,85.85,1,2,2
25,4,134.63,3,2,7
42,1,252.68,1,2,7
20,12,91.01,2,2,3
20,6,94.15,2,2,4
18,12,83.18,3,2,4
25,1,104.06,3,2,5
49,8,357.28,1,1,7
22,9,147.78,3,2,5
18,1,78.9,1,2,2
32,4,148,1,1,7
13,4,55.78,1,2,1
23,1,79.25,3,2,5
15,12,72,2,2,1
25,1,110.19,3,2,4
30,4,142.45,2,2,6
25,2,125.95,1,2,3
22,6,88.63,3,2,2
18,4,89,3,2,4
22,12,108.24,2,4,4
30,1,118,3,4,4
25,12,161,1,5,7
30,1,127.07,1,2,5
25,2,113.12,2,2,5
25,1,107,3,2,3
22,9,151.46,3,2,5
22,3,128.87,2,2,5
20,1,89.22,2,4,3
22,9,139.2,1,4,5
25,1,92.05,3,2,3
23,1,91.9,1,2,5
25,4,100.08,1,2,4
25,2,100.27,1,2,3
37,12,293.23,2,2,7
25,4,75,1,2,1
25,2,125.95,1,2,3
30,4,190.06,3,4,6
32,2,256.84,1,1,7
25,1,90.84,3,5,4
22,6,93.96,3,2,3
20,8,88.79,1,2,4
25,12,136.29,1,2,6
25,1,87.87,3,2,4
32,6,168.07,1,1,6
25,1,117.14,3,2,6
25,1,141,3,1,7
30,6,143,3,2,6
30,2,139.81,2,4,5
23,1,72.86,3,2,3
20,4,86.37,2,4,3
25,1,95.17,1,2,3
15,12,67.98,3,4,1
25,8,90.6,1,2,2
25,12,118.88,3,2,4
22,1,134.87,3,2,3
30,1,142.19,1,2,5
30,1,157.65,2,2,7
25,1,158.89,1,2,7
32,4,143.98,1,2,5
23,1,68.26,1,2,3
22,4,110.26,2,2,5
32,4,241,3,3,7
15,1,85.69,3,5,3
18,8,72.55,1,2,3
25,1,107.63,3,1,3
27,1,288,2,3,7
47,4,456,1,2,7
18,1,86.86,2,2,4
18,1,88,1,2,2
10,12,52.83,1,2,2
25,4,137.21,2,2,4
25,4,97.13,2,2,5
22,12,92.39,3,2,2
30,6,195,1,2,7
37,2,213.22,3,2,7
44,12,309,3,1,7
15,2,60.93,3,2,3
15,1,63.85,2,4,3
18,4,84.96,3,4,1
25,12,107.46,3,2,6
30,1,117.77,3,5,5
25,8,127.14,3,1,3
30,1,158,2,2,6
20,4,88.51,3,2,2
32,12,174,2,1,7
32,4,184,2,1,4
25,1,96.56,3,2,4
25,1,104.84,1,2,4
30,1,165,2,2,7
23,8,91.87,2,4,5
25,8,146.94,2,2,5
18,4,82.19,3,2,3
25,3,90.61,1,2,1
32,1,128.3,2,2,6
25,1,103.18,1,2,6
23,12,89.49,3,4,4
23,4,100.8,2,2,5
22,1,100.1,3,2,4
30,12,164.91,1,4,3
25,1,134,2,2,2
25,12,84,3,1,1
25,12,86.22,3,2,2
30,1,139,3,2,7
25,4,125,1,3,4
22,1,103,1,2,3
30,2,137.13,1,2,7
15,9,71.26,1,2,2
25,1,109,2,2,4
20,4,64.67,3,2,2
25,1,92.81,2,2,6
25,4,90.56,1,2,4
25,1,113,2,4,4
25,4,128,2,1,4
25,4,114.96,1,2,4
37,12,370.89,3,2,7
30,1,259.15,3,2,7
37,6,223.4,3,2,7
37,1,239.88,1,2,7
25,1,89.59,2,2,2
15,2,60,3,4,1
20,4,85.02,3,4,1
23,1,82.09,2,1,3
18,6,89.34,1,4,3
25,1,110.45,2,4,3
18,1,58.79,2,4,2
15,3,77.32,3,1,3
34,4,158,1,1,7
25,1,122,2,1,2
23,2,87.66,3,4,2
23,3,76.81,2,2,2
25,8,83.77,2,2,4
20,9,89,3,1,1
25,9,123.68,1,4,4
25,1,140.25,1,1,7
25,1,91.99,3,1,3
15,9,67.88,2,2,2
23,2,75.63,2,2,2
25,4,103.65,3,2,4
32,1,190,2,1,7
32,12,246.02,1,1,5
30,4,165,3,1,6
30,12,131.26,2,2,4
25,1,94,3,1,1
39,4,294.8,3,1,7
18,4,91.56,2,2,4
22,12,136.94,1,2,5
23,12,115.46,1,2,2
23,6,87.77,2,2,2
27,4,204.9,1,2,7
37,1,142,3,2,6
25,6,106.86,2,2,4
15,4,86.38,2,2,4
25,1,93.89,1,1,3
20,6,96.63,3,2,5
25,12,110.49,3,4,2
22,3,90.39,3,2,2
30,1,111.92,1,2,6
25,4,98,3,1,3
30,4,128,3,1,6
25,1,95.76,3,2,5
32,1,180.37,3,2,6
25,1,148,1,1,6
36,4,304.73,1,2,7
32,4,267.08,3,2,7
23,8,91.9,2,2,5
23,1,142,1,2,6
32,1,147,2,2,5
18,4,83,1,2,2
20,4,88.67,2,1,3
25,12,107.65,2,2,2
23,1,85.51,2,2,3
15,4,73.14,2,2,3
15,8,57.68,3,2,1
25,12,72.08,3,2,2
32,12,253.52,3,2,7
20,1,105.98,3,2,3
39,4,360,1,2,7
15,6,78.19,2,2,3
32,2,154.8,3,1,6
30,1,148.01,1,2,4
20,9,54,1,2,1
23,2,98.17,2,2,3
30,1,164.7,2,2,7
13,1,66.22,3,2,3
25,8,93,1,2,4
27,4,87.99,2,2,4
25,12,102.95,3,2,4
23,12,88.58,2,2,4
30,1,143.8,3,2,5
25,8,109,2,2,4
27,9,132.46,3,2,4
30,1,183,1,4,7
30,9,137.89,1,2,4
23,3,73.97,3,2,3
25,3,90.61,1,2,1
25,8,94.22,3,4,3
23,3,90.22,2,2,2
25,12,94.58,3,2,4
18,4,83.71,3,2,3
39,1,354,3,4,7
25,1,107.49,1,2,5
23,8,101,1,4,2
37,1,239.48,3,1,7
39,4,248.9,3,1,7
30,1,105.02,2,2,6
20,9,86.59,3,4,4
30,1,141,3,2,5
15,6,72.64,3,2,3
23,3,91.64,2,2,2
27,1,181.5,2,3,7
30,6,133.09,2,2,4
23,2,83,3,1,2
18,4,83,1,2,2
15,1,73.73,3,2,3
25,1,120,2,2,4
30,4,183.44,1,2,7
36,6,265.27,3,2,7
30,1,134.85,1,1,4
18,2,82,3,2,4
44,4,252,1,3,4
25,2,188.96,2,2,7
18,2,101.65,1,4,4
32,4,248.26,1,4,7
25,12,111.36,1,2,2
37,1,219.15,3,2,7
22,12,107.55,2,2,6
15,8,77.79,3,2,3
25,4,125.75,2,2,2
25,1,160,1,2,7
23,8,89.28,1,2,4
25,1,127.76,2,1,4
30,1,125,3,2,4
25,1,92.52,3,2,3
20,12,89,1,2,6
37,4,219.37,2,2,7
20,1,68.62,1,2,2
23,1,87,3,2,2
30,2,142.36,3,2,5
22,8,136.93,3,2,7
18,8,68.09,1,2,3
18,12,100.38,3,2,3
15,4,55.36,2,4,1
10,1,45,3,2,1
15,3,62.53,1,2,1
32,4,193.6,3,2,7
36,4,248.9,3,2,7
23,2,84.52,3,4,1
23,3,78.45,3,2,3
25,4,114.24,1,2,5
25,12,99.14,2,4,4
25,4,132.52,2,2,3
32,3,195,1,3,7
25,4,106.03,2,2,4
25,8,137.2,2,2,5
25,1,72.71,2,2,2
23,2,89.07,2,2,4
22,4,89,2,4,4
22,4,103.32,3,2,2
25,4,108,1,2,4
37,8,276.88,1,1,7
23,4,139.02,2,4,7
20,6,79.52,2,2,2
25,12,119.41,3,2,4
25,2,75.92,1,4,3
25,1,139.55,3,1,4
25,12,98,1,1,1
25,2,90.28,1,3,3
17,4,94.51,1,2,5
20,4,84.41,2,4,2
32,6,189.6,2,2,7
25,4,99.08,3,2,4
30,6,142.24,1,2,7
20,8,88.79,1,2,4
27,6,145.8,3,2,4
35,12,146,1,2,6
32,1,88.42,1,4,6
27,8,113,1,4,5
15,8,86.23,1,2,6
25,4,126.09,3,2,4
20,1,92.04,2,1,3
23,1,89.24,1,2,4
37,1,219.43,3,2,7
25,4,75,3,2,1
18,4,89,3,2,4
20,6,110.13,3,2,4
32,4,170,1,1,4
32,4,196.08,2,2,7
23,6,78.5,2,2,2
25,4,96.73,2,2,3
17,12,98.68,3,2,5
25,4,138.84,2,2,7
23,1,81.35,2,2,2
10,1,44.5,1,1,1
15,4,82.54,3,2,4
25,9,103.03,2,4,3
30,2,135,1,2,6
25,1,115.76,3,1,4
32,1,178.26,2,1,6
23,6,93.49,2,2,3
18,1,83.27,3,2,4
25,4,113,1,2,2
30,4,138.68,3,2,5
42,4,247,1,1,4
23,1,89.22,3,4,3
27,2,120.9,2,1,3
25,4,81,2,3,3
18,4,83.18,3,2,3
32,1,183.62,1,3,7
25,4,159,3,1,7
23,1,92.04,3,2,4
18,9,68.79,2,4,3
30,3,90.55,2,1,3
30,1,140.94,1,2,6
25,12,125.66,2,2,4
23,8,109.58,1,2,3
17,2,90.64,3,2,5
32,1,193.65,1,1,7
27,1,366.3,1,2,7
30,6,132.54,1,2,4
25,1,96.4,1,2,4
23,1,89.6,1,2,3
27,12,126.1,1,2,5
22,12,100.72,2,4,2
25,1,200.1,3,2,5
22,1,113.03,3,2,5
30,4,147.69,2,2,6
25,1,125.96,2,2,3
18,1,74.95,2,2,1
23,4,99.14,1,2,4
25,1,139.94,1,2,7
30,8,118.09,3,2,4
25,4,93,2,2,3
25,1,136.29,1,2,6
18,4,89.13,3,2,4
18,9,68.79,2,4,3
34,6,303,1,2,7
37,1,149.72,3,2,6
23,4,87.4,1,4,2
25,1,124.5,1,2,5
30,6,133.23,1,2,5
23,8,96.22,1,4,3
23,1,75.66,1,2,4
22,3,124.32,2,2,4
25,2,101.04,2,2,5
18,4,55.51,2,2,2
20,12,91.88,1,2,3
32,2,127.88,3,2,6
20,3,78.96,3,2,2
32,12,124.8,1,2,7
25,9,139.24,2,2,5
30,1,111.58,2,2,5
28,4,240,1,3,7
44,4,398.97,3,1,7
39,8,304.06,3,1,7
22,12,122.3,2,4,4
18,2,82.35,2,1,2
37,6,223.4,3,2,7
20,12,183,2,3,7
23,12,102.98,3,4,3
39,1,292,1,1,7
30,1,130,1,2,4
36,4,292,1,1,7
20,8,92.42,3,2,3
23,8,72.38,2,2,3
15,12,74.65,3,4,1
32,1,189.66,3,2,7
25,12,97.26,2,2,4
30,9,210.97,3,2,7
25,1,105.25,3,2,5
25,3,124.05,3,2,5
25,6,116.92,2,2,5
25,2,109.79,3,2,3
25,12,84,3,1,1
32,4,197.44,2,2,7
20,4,113.85,3,2,4
25,1,103,1,2,6
20,1,115.32,2,4,1
25,2,113.11,3,4,5
25,1,109.41,2,5,4
32,1,218,3,3,7
25,4,114,3,2,4
25,4,99.08,3,2,4
23,2,104.74,2,2,3
30,4,152,1,1,7
15,8,86,1,4,2
25,8,97.65,3,2,5
51,1,332,3,3,7
25,1,92,2,2,2
37,1,129.01,2,1,7
18,4,85.87,3,2,3
30,1,190.04,3,2,7
30,4,189.52,1,1,7
22,2,180.5,1,2,7
15,9,89.73,1,2,3
18,4,63.43,3,1,1
30,12,87.39,2,1,6
25,1,95.44,1,2,4
39,4,332,1,3,7
25,6,131.58,3,4,4
25,6,134.34,2,2,7
30,1,204,1,1,7
47,8,460,1,1,7
15,6,89.27,2,4,4
25,4,108,1,2,4
22,9,105,1,2,4
23,1,70.64,3,2,2
34,8,259.24,1,1,7
30,6,173.84,2,1,5
34,4,345.58,2,2,7
30,1,130,3,1,5
22,4,120.83,1,2,6
20,6,88.42,2,2,4
25,1,103,1,2,3
30,1,122,1,1,4
30,6,87.99,3,1,4
37,4,181.02,3,1,7
36,4,245.15,2,1,7
30,4,137.16,2,2,5
15,12,86.78,1,4,1
30,6,143,3,2,6
23,8,89.6,3,2,4
15,12,51.44,1,4,1
25,6,92.5,3,1,1
36,4,244.37,1,1,7
37,8,300.39,1,1,7
23,1,90.38,1,2,1
22,8,131,3,2,6
25,4,100.39,3,2,6
42,1,255,3,2,7
30,6,128.16,1,4,5
18,4,83,1,2,2
15,6,64.51,3,2,2
25,9,117.14,3,1,4
30,4,138.37,3,2,5
34,12,199,1,4,7
18,12,83,1,2,2
20,3,82.74,3,2,4
25,12,93.45,3,4,2
37,1,219.15,3,2,7
20,6,88.39,2,1,4
32,4,212.7,2,1,7
37,1,239.88,1,2,7
39,1,266.67,3,4,4
23,12,100.48,3,4,2
18,4,80.01,2,4,2
25,1,136.84,2,2,7
30,1,137.47,3,1,5
30,1,135,3,1,5
20,3,81.51,1,2,4
25,12,86.08,3,4,4
32,8,282,2,1,5
23,1,80.91,2,2,3
20,3,89,3,4,4
25,6,123.99,3,2,6
23,1,88.8,1,4,3
25,1,86.8,1,2,3
23,4,88.84,1,2,3
27,1,132,3,2,5
30,12,137.91,1,4,4
23,9,91,3,1,2
30,3,135.03,3,2,5
27,1,220,2,2,7
22,4,128.21,2,2,7
15,3,77.08,1,1,3
20,12,73.49,3,2,2
22,4,158.71,1,4,3
20,1,92.22,2,2,4
18,12,103.06,3,4,5
25,4,144.39,2,2,5
37,12,153.25,1,1,6
20,12,77.5,1,2,1
23,4,87.81,3,2,3
27,1,154.32,1,2,7
20,3,97.66,3,4,3
36,4,287,3,1,7
25,12,97.67,3,2,2
15,12,87.69,1,4,3
23,6,85.83,3,2,2
15,8,81.28,2,2,2
23,9,91,2,1,2
22,8,142.61,2,4,3
32,4,199.17,3,1,7
25,9,127.34,2,2,6
23,4,86.08,1,2,2
29,12,97.16,3,4,6
15,12,74.2,3,4,2
20,8,94.17,2,2,4
30,1,155.02,2,2,7
23,9,91.06,2,4,4
25,6,110.82,2,2,4
30,8,88.03,3,2,5
25,4,131.16,3,2,5
32,12,156,1,2,6
18,2,82.35,2,1,2
23,12,92,2,1,2
25,1,104.06,3,2,5
25,8,106,1,4,2
30,2,182.61,3,2,7
20,1,100.27,3,1,5
25,6,106.05,2,2,5
45,4,380,1,3,7
18,2,88.8,1,2,4
15,4,63.67,2,2,1
25,2,94.69,1,2,4
18,12,69.94,3,2,4
10,3,54.05,2,4,1
18,3,80,2,5,1
25,1,87,2,1,3
32,4,193.6,3,2,7
37,1,287.05,3,4,7
25,6,124.09,2,2,6
30,1,202.86,3,1,7
30,1,142.16,2,1,6
18,1,94.55,1,2,5
25,1,118,3,4,3
30,1,170.15,2,4,7
30,9,136,3,2,7
32,4,179,1,1,4
15,3,73.65,1,2,2
30,1,166,2,3,4
22,12,135.36,1,4,3
30,1,151.9,1,1,6
25,1,160,1,2,7
22,4,130.58,2,2,2
15,4,73.14,2,2,3
25,8,90.35,2,2,3
37,1,217.76,2,2,6
20,12,75.51,1,4,1
15,2,94.43,2,2,4
22,1,113.03,3,2,4
32,12,136.06,2,1,5
29,12,246.39,3,1,7
25,1,107.31,3,2,4
27,2,213.33,2,4,7
15,12,82.2,1,1,1
25,12,94.43,2,2,2
37,6,198.01,1,2,7
18,1,90.43,2,2,7
18,4,91.96,2,4,1
15,1,68.4,2,2,3
18,9,71.32,3,2,3
25,2,101.83,1,2,5
15,4,88.65,1,4,4
30,2,157.3,1,2,5
23,4,86.56,1,2,4
27,4,391,1,2,7
23,8,78.76,2,2,3
18,1,82.39,1,4,2
18,4,85.69,2,2,3
25,4,75,3,2,1
30,12,136.9,3,4,5
20,9,79,1,2,1
25,4,114.62,2,2,3
7,1,30.87,2,2,1
37,8,239.23,2,1,7
15,3,89.35,3,2,4
30,4,141.1,2,4,6
25,4,92.08,1,2,1
30,4,189.52,1,1,7
25,8,59.38,2,2,2
30,1,190,3,1,5
18,8,69.76,1,4,3
15,12,57.99,1,4,2
23,2,92.18,2,2,5
30,2,112,3,2,6
23,1,91.88,1,2,5
20,8,127.82,2,4,4
20,4,113.85,3,2,4
39,8,304.06,3,1,7
18,2,89.23,3,4,3
22,1,134.88,1,2,6
30,6,199.84,3,2,7
23,1,91.9,2,2,2
18,12,82.24,1,4,4
25,12,136.75,3,2,7
41,4,295.6,1,1,7
32,1,188,1,1,3
25,1,96.9,2,2,1
30,1,141,3,2,5
25,2,157.78,1,1,5
23,4,101.84,3,2,3
25,12,94.43,2,2,2
25,8,138.82,3,2,5
20,3,89.97,3,1,3
25,4,102.02,3,2,4
32,4,141.67,2,5,6
22,1,93.16,1,1,4
25,1,128.67,1,2,3
30,2,104.85,3,2,3
32,4,251,1,2,7
25,3,139.88,3,2,5
30,3,140.61,1,4,4
18,8,79.48,2,2,3
27,4,118.71,1,2,5
15,4,77.65,2,2,3
15,8,63.59,1,2,4
23,1,87.15,2,2,4
25,4,116,1,5,1
45,4,393.53,1,1,7
27,1,220,2,2,7
23,2,65.91,1,4,3
23,3,83.61,1,2,3
25,12,127.44,1,4,4
25,4,108,1,2,4
15,3,73.24,2,4,3
25,1,121.35,2,4,2
23,12,86.19,3,2,3
25,2,96.95,3,2,2
32,4,148,1,1,7
25,4,148.57,1,2,6
15,6,89.32,2,4,4
23,8,86.53,2,2,3
22,12,124.02,2,2,4
37,4,316,1,1,7
30,2,118,2,1,4
30,1,186.64,3,2,7
20,12,69.7,2,2,2
25,4,137.64,1,1,4
15,12,83.07,2,2,4
18,8,85.38,1,2,4
20,6,106.45,3,2,5
32,8,205,1,1,7
44,4,302.87,3,2,7
30,6,132.62,3,2,2
23,8,81.99,3,2,3
18,1,84.45,2,2,3
23,4,92.4,2,2,3
25,2,99.96,1,2,4
23,1,93,1,2,5
34,4,158,1,1,7
36,1,141.03,1,2,7
25,1,107,3,1,4
25,6,110.03,2,2,5
18,1,80.23,1,4,3
25,9,90.22,3,2,3
32,4,217,1,1,4
25,1,138.2,2,4,3
30,1,151,2,1,7
30,3,149.84,3,1,6
15,12,78.36,1,2,4
18,1,66.65,2,2,1
30,4,135.58,3,1,4
32,1,193.17,1,2,7
36,1,308.34,3,4,7
22,1,107.45,1,1,3
25,1,109,2,4,4
22,3,102.53,3,1,4
18,4,84.96,3,4,1
22,6,126.25,1,2,3
30,4,171.2,2,2,7
30,4,117,3,1,3
22,8,89.66,3,1,4
23,1,91.88,1,2,5
22,4,130.89,3,2,4
27,1,366.3,1,2,7
32,6,221,2,2,7
25,2,111.49,2,2,4
20,4,104.79,2,2,5
29,8,268.71,2,2,7
32,8,179.78,1,1,7
25,3,154.84,3,2,7
23,3,89.77,2,2,3
30,1,107.15,1,4,4
20,12,74.8,3,4,3
25,1,116.99,1,2,6
27,1,134.04,3,2,5
25,6,76,2,2,3
34,1,215.93,2,2,7
30,2,97.84,2,2,5
22,3,103.9,3,4,2
25,12,136.29,1,2,7
51,8,622,1,1,7
20,1,84,2,4,1
25,8,111.77,1,2,5
30,8,166.51,3,2,5
32,4,203,1,2,7
30,1,143.06,2,2,6
32,1,147,2,2,5
18,1,68,2,1,1
25,1,89,1,2,4
15,4,46.67,3,4,1
27,9,159.27,2,2,4
25,3,115.84,1,2,4
30,4,121.55,1,4,4
7,9,46.89,2,2,2
15,12,86.97,1,2,3
25,1,94.93,1,4,4
30,1,130.63,2,2,4
42,4,355.24,1,1,7
41,1,152,1,4,6
25,1,157.78,2,1,5
39,8,277,1,2,7
25,2,87.38,2,4,3
32,2,127.88,3,2,6
39,1,328.52,3,2,7
25,8,162.18,3,2,7
30,1,110.64,2,3,5
29,12,189.44,2,1,5
18,9,84.95,1,2,3
30,1,165.49,1,1,4
23,12,82.09,2,2,3
20,3,98.58,3,2,4
35,4,127.94,2,2,7
18,12,88.98,1,2,2
25,6,117.35,3,4,2
22,12,133.06,2,4,4
18,1,80,2,4,1
32,4,193.67,3,2,7
25,6,89.86,3,2,4
30,1,111.77,2,2,6
25,2,90.9,1,2,4
20,1,92,3,2,2
36,1,245.21,2,1,5
15,2,68.29,3,4,1
25,4,109.05,3,2,5
33,3,210.96,3,2,7
20,6,88.65,1,4,2
17,8,88.36,2,2,2
25,2,90.8,3,2,3
35,1,239.88,3,2,7
29,4,141.67,2,2,6
15,4,59.56,2,2,2
23,8,95.04,1,1,2
32,1,185,2,1,7
30,2,113.37,2,2,4
23,9,89,2,1,4
23,1,90.06,1,2,3
39,4,233.9,1,1,7
25,4,95.3,1,1,2
25,4,125.73,1,1,1
30,1,145,3,4,6
18,12,69.95,3,2,3
32,4,241,3,3,7
32,4,199.92,3,2,7
20,4,107.29,2,2,4
18,4,80.26,2,2,4
27,12,156.79,1,1,7
30,1,117.36,1,2,5
18,4,88.01,1,2,3
10,1,60,2,2,2
15,12,75.68,1,4,4
32,8,202,2,2,7
25,4,127.04,1,2,3
23,1,80.66,1,2,3
30,1,135.36,1,2,4
23,3,85.66,1,2,4
37,4,234,1,1,7
32,4,184,3,3,4
32,9,212.76,2,1,7
30,1,156.64,3,1,7
25,8,104.07,1,2,6
15,6,79.13,2,2,2
25,8,146.94,2,2,5
15,4,52.58,2,4,1
25,1,86.93,1,2,1
18,9,88.2,3,2,3
20,4,74.38,3,2,3
30,4,113.42,1,2,5
25,12,131.13,2,2,6
25,1,94.93,1,4,4
18,12,86.6,2,4,1
15,3,93,1,2,5
30,9,183,1,3,7
25,4,176.7,2,2,7
23,2,128.29,3,2,6
20,2,81.26,3,2,3
32,1,190,2,1,7
32,1,165,2,1,6
23,12,89.5,3,2,4
20,1,110.5,2,4,3
15,2,73.58,2,2,2
22,8,96.33,2,2,3
25,4,126.54,2,2,4
20,12,80.45,1,4,3
30,1,150.42,3,2,6
35,4,165,2,1,5
10,1,45,3,2,1
23,12,90.86,1,4,2
20,12,88.72,1,2,4
15,9,53.49,2,2,2
25,4,126.15,3,2,6
25,4,131.36,2,2,2
25,1,89.07,2,2,4
15,12,75.68,3,2,2
17,4,94.51,1,2,5
30,1,163.59,2,2,6
23,12,89.04,1,2,2
25,1,108.89,2,2,4
25,1,90.97,3,2,5
20,4,90.96,1,4,4
22,3,131.77,3,2,3
25,12,105.32,3,2,4
32,4,190,3,2,7
30,1,168,2,2,5
18,9,71.32,3,2,3
25,4,90.29,3,2,4
32,4,171,3,3,6
25,8,104,1,2,4
23,2,79,3,2,5
37,4,180.51,3,1,7
37,6,223.4,3,2,7
23,12,88.5,2,2,2
15,6,85.78,2,2,4
23,1,73.02,3,2,3
25,3,109.06,1,1,4
23,12,87.64,3,2,3
34,8,259.24,1,1,7
25,12,127.44,1,4,4
30,4,128,2,2,6
41,1,233,2,1,7
20,12,80.53,2,2,2
30,4,144,2,2,4
32,1,199.7,1,2,7
34,12,381.96,3,4,7
27,1,220,2,2,7
25,2,72.07,3,2,2
25,4,117,3,1,2
37,12,245,1,2,7
15,2,59.02,2,1,1
25,3,157.16,1,2,6
17,4,94.51,1,2,5
23,4,97.57,2,4,4
22,4,119.79,1,4,2
25,4,81.87,1,4,3
37,4,335,1,1,7
37,6,223.4,3,2,7
25,6,159.96,2,1,5
32,12,140.79,3,2,4
25,12,117.27,2,2,4
39,8,149,1,4,3
32,4,184.7,2,2,7
24,4,183.57,3,1,7
25,8,88.25,2,2,4
25,4,99,2,1,4
25,8,119.33,1,2,4
15,4,89.19,2,2,2
23,3,78.45,3,2,3
15,2,73.52,2,2,2
25,1,88.6,3,4,3
23,2,109.34,2,2,4
23,4,93.39,2,4,5
22,2,124.86,2,4,3
25,4,117.94,3,2,4
25,3,108.93,1,2,2
10,1,45,3,2,1
15,12,81.18,2,2,1
25,12,93,3,1,1
23,2,92.16,1,2,5
30,4,157.91,2,2,5
25,1,91.15,3,2,5
30,2,128,2,1,5
22,12,107.37,1,2,6
23,3,77.39,1,2,2
25,4,90.5,1,2,4
35,12,178,1,2,7
23,12,70.5,1,2,3
32,4,185.02,1,2,7
23,6,87.77,2,2,2
22,2,83.63,3,1,3
30,1,188.45,1,2,6
20,12,97.96,2,4,4
15,12,88.72,2,2,4
23,1,142,1,2,7
37,4,219.37,2,2,7
30,1,166.12,1,1,5
23,4,93.06,1,2,2
32,1,217,1,4,5
25,4,89.55,2,2,4
25,8,95.8,3,2,3
25,12,118.88,3,2,3
36,1,330.11,1,2,7
18,8,66.2,1,2,2
30,6,111.92,1,2,6
35,1,133.17,1,2,7
20,8,77,3,4,1
25,4,85.96,2,2,4
25,8,112.43,2,1,5
25,12,200.21,3,2,6
15,9,90.02,2,4,3
20,12,87.96,2,4,3
15,8,81.71,1,2,2
23,12,87.28,1,2,3
22,12,100.39,2,2,5
25,4,190.54,2,2,7
25,8,95.17,3,1,3
23,12,78.75,2,2,2
22,8,134.44,1,2,4
30,1,114.13,3,2,6
18,1,83.01,3,4,3
23,4,84.84,2,2,3
32,4,184.7,2,2,7
34,4,457,1,1,7
32,4,199.92,3,2,7
20,12,89.33,2,2,4
22,4,110.65,2,2,5
22,4,109.57,3,2,4
25,3,115.84,1,2,4
30,12,211.2,2,2,7
25,4,130.46,2,4,3
25,1,107,2,2,3
20,12,80.22,1,4,1
25,1,110.3,3,4,2
20,6,88.61,3,2,4
23,12,89.5,3,2,4
25,2,114.03,3,2,4
42,8,332,1,1,7
25,4,161.54,1,4,6
30,4,125.74,3,1,4
23,1,67.13,2,2,3
34,8,301.8,1,1,7
25,1,88.6,3,4,3
32,1,193.59,2,2,7
25,4,88.4,2,2,4
22,4,101.88,2,2,4
39,1,353.77,1,2,7
30,1,118.29,3,2,6
34,8,301.8,1,1,7
30,4,128,1,1,5
15,9,82.78,1,2,2
37,2,143.32,2,1,7
32,12,286.35,1,1,7
23,2,81.16,2,2,4
32,1,156.56,2,1,2
25,1,118,1,1,3
23,4,74.15,1,1,2
25,1,141.79,1,1,6
10,4,43,2,2,1
15,4,106.16,3,2,3
27,1,112.64,2,2,3
25,1,97.79,1,2,4
25,12,117.24,3,1,2
23,6,88.84,2,2,2
54,4,527.6,1,1,7
25,1,122.61,1,2,5
25,1,109,2,2,4
27,6,179.52,2,1,7
18,8,87.17,3,4,2
10,4,41,3,2,1
39,4,360,1,2,7
15,12,86.29,3,4,4
42,4,316.52,1,2,7
25,4,140.35,1,2,5
25,4,142,1,1,6
32,1,135.64,2,1,3
25,4,114.86,1,2,4
20,4,67,1,2,2
39,1,239.88,3,2,7
25,1,124,2,2,5
22,4,135.5,2,2,7
23,4,94.82,1,2,4
25,1,104.84,1,2,4
13,12,30,1,1,1
32,4,148,1,1,7
32,8,202,2,2,7
15,2,82.79,2,4,3
25,12,116.32,3,1,5
25,1,105.68,2,3,2
15,8,59.51,2,4,1
20,12,89,1,2,6
18,2,82,3,2,4
30,12,125,1,2,6
25,2,95.66,1,2,5
25,12,142.85,2,2,6
15,4,63.67,2,2,1
32,9,140.77,2,1,4
30,4,111.74,3,2,4
23,8,89.93,2,2,2
27,12,108.21,1,2,4
25,8,98.04,1,2,4
36,4,287,3,1,7
23,4,101,1,4,2
36,4,179,1,3,4
18,1,85.51,2,1,2
17,3,92.62,1,4,3
20,12,76.56,1,2,2
30,1,118.29,3,2,6
25,1,91.03,1,2,5
32,4,189.94,1,4,5
30,1,157.9,1,2,7
23,8,103.27,1,4,3
37,6,198.01,1,2,7
25,1,87.45,1,2,4
20,12,89.28,1,2,4
18,4,81.56,2,4,2
41,4,295.74,1,4,7
25,8,89.96,2,2,3
25,9,104.73,2,4,4
32,6,141,3,4,7
23,12,87.78,3,4,1
25,6,112,1,2,4
31,6,201,3,2,7
47,1,361.57,1,1,7
25,1,131.6,2,2,3
30,12,161.77,1,2,6
32,1,179.46,3,2,7
52,8,456.8,1,1,7
18,1,48.81,3,2,1
22,4,108.72,2,1,2
39,1,295.69,2,1,7
23,1,80.66,1,2,3
23,8,97.46,3,4,3
30,1,143.06,2,2,6
30,1,115.84,2,1,3
30,4,137.13,1,1,5
23,12,81.89,1,2,3
30,1,110.64,2,3,5
25,8,107.86,3,2,6
18,6,93.19,1,2,4
10,4,69.6,1,2,2
15,4,59.17,1,2,1
25,2,88.83,2,2,5
25,6,107.12,3,1,4
30,8,133.84,3,4,4
30,1,135.27,1,2,5
32,4,199.07,3,1,7
25,8,97.16,1,2,3
30,1,146.94,2,1,5
25,4,92,3,1,2
23,3,92.37,3,2,4
35,1,257.74,3,4,7
30,1,139,1,2,4
25,1,200.1,3,2,5
20,3,89.95,2,2,4
23,4,87.73,3,2,3
30,1,124.5,1,2,4
25,4,125.73,1,1,1
37,1,278,1,3,7
25,8,135,1,1,3
23,8,92.18,1,2,5
28,12,133,1,1,7
32,1,189.68,2,2,7
20,1,104,1,4,2
35,9,251.77,3,4,5
30,4,165.6,3,2,4
13,4,100,2,3,4
23,8,111.31,1,2,3
25,4,138.9,2,2,6
18,1,84.08,1,2,3
30,4,109.53,3,2,6
15,4,81,1,2,2
25,4,108.2,1,2,2
15,1,79.8,2,2,2
32,1,193,2,3,7
15,6,80.72,1,2,3
30,8,142.56,2,2,7
10,1,49.61,2,2,1
25,12,90.31,1,2,4
22,12,110.95,3,4,5
18,12,77.1,3,4,2
18,1,67.54,1,2,2
15,12,53.91,2,1,1
20,9,75.66,1,4,2
10,1,34,2,1,1
30,4,165.64,2,2,7
15,12,77.3,2,2,2
20,4,91.43,3,2,2
30,2,142.36,3,2,5
18,12,85,3,2,4
22,6,88.63,3,2,2
32,4,143.98,1,2,5
15,1,69,1,4,1
30,2,179.39,1,2,7
30,4,119.85,1,2,4
37,4,294.53,1,3,7
23,4,92.4,2,2,3
30,1,130.1,3,1,5
25,2,154.79,1,4,7
15,12,70.11,3,4,1
10,4,41,3,2,1
18,4,79.33,3,2,2
22,12,108.98,3,2,3
25,4,116.37,2,4,4
25,12,118.36,2,4,3
18,1,74.58,2,4,2
18,12,85.36,3,2,2
25,1,103.45,2,4,3
25,1,102.43,1,1,4
25,8,77.74,2,2,5
25,2,98,1,2,4
25,1,100,1,2,6
15,4,57.15,1,4,1
18,8,90.43,1,2,6
20,4,71.3,1,2,2
35,1,149.7,3,4,7
20,2,79.65,3,2,2
32,1,197.34,2,4,7
25,12,90.47,3,2,4
32,6,147.77,1,2,5
32,4,217,1,1,4
37,1,380,1,2,7
23,1,73.77,1,4,2
10,1,38,2,2,1
18,4,88.9,2,2,3
27,1,186,2,3,7
25,4,79.6,1,2,3
23,3,81.97,2,2,3
23,4,99,2,2,4
30,1,202.86,3,1,7
32,12,154.97,1,2,5
23,8,88.7,3,2,4
32,1,194,2,1,7
22,12,96.72,2,2,2
23,3,75.06,1,2,2
30,3,130,2,2,5
25,1,118,3,4,3
25,4,122,2,4,1
24,2,180.72,3,2,7
23,8,85.95,2,2,5
18,1,76,2,1,1
20,2,93.67,2,4,5
23,1,67.98,1,1,2
22,4,88.59,1,4,2
25,4,104.67,1,2,4
22,8,106.38,2,2,4
22,4,127.55,3,2,4
30,4,109.62,1,1,5
25,2,124.77,2,2,7
15,6,73.78,2,2,2
15,6,91.14,3,2,2
30,12,168,1,1,7
32,1,188.44,3,2,7
33,6,140,3,1,4
27,6,235.35,1,2,7
30,4,159.23,2,2,7
18,4,77.71,1,2,3
15,2,65.54,3,2,2
25,3,115.84,1,2,4
22,1,111,3,4,3
23,2,81.16,2,2,4
25,4,98,2,2,3
25,1,95.8,2,2,3
25,4,116,1,2,2
27,8,193.58,1,1,7
25,1,98,3,2,2
22,4,99.19,2,2,4
30,4,300,1,1,7
42,4,248,1,1,5
15,6,75.15,1,2,1
25,1,116.42,2,2,4
25,2,102.59,3,2,2
25,2,103.06,2,1,4
23,1,88.64,1,2,3
23,1,91.9,1,2,5
35,1,185.24,1,2,7
41,1,335,2,1,7
15,2,80.56,1,2,3
18,2,82,3,2,4
32,1,189.78,3,2,7
25,4,125.86,3,2,4
20,3,89.33,2,2,3
25,1,107,3,2,3
30,1,109.06,1,2,5
25,6,106.4,1,2,2
18,8,83.23,3,4,2
30,1,148,1,1,6
43,4,303,1,4,7
15,2,70.18,3,4,1
23,8,88.52,1,4,2
32,1,147,2,2,5
18,4,80.91,1,4,1
32,4,193.6,3,2,7
37,2,128.31,2,2,6
18,3,66.09,1,1,3
22,9,84.85,2,2,3
52,8,456.8,1,1,7
23,6,84.04,2,1,2
25,12,88.97,1,2,2
25,1,95.92,2,2,3
25,1,99,1,1,1
15,12,89.36,3,4,2
32,6,153.25,1,2,6
25,8,105.27,2,2,2
25,4,120.05,2,2,3
25,3,116.32,2,4,3
18,4,80.58,3,1,1
20,8,76.41,3,4,1
32,12,140.79,3,2,4
18,12,79.66,3,4,4
32,8,211,1,1,4
25,4,89.48,3,2,4
36,1,245.07,2,1,7
32,8,261,1,2,7
23,1,82,2,2,2
30,4,146.75,3,1,6
25,4,113.99,3,2,4
39,4,215,1,1,6
23,2,76.81,2,1,3
23,4,109.96,3,2,4
32,6,147.77,1,2,5
30,6,186.28,3,2,7
15,6,54,2,1,1
20,8,91,3,2,6
30,12,151.12,2,4,4
25,12,89.78,2,2,4
30,9,166.34,2,2,6
30,8,143.99,2,1,4
25,8,89.43,2,2,4
22,6,108.76,3,4,2
25,12,125,3,1,2
30,3,119.47,3,2,5
25,1,103.18,1,2,6
22,2,122.48,2,2,5
18,8,75.64,3,2,3
25,6,94.26,3,2,2
32,4,240,3,3,7
30,4,117,3,1,3
20,1,100.27,3,1,5
30,1,140.94,1,1,7
32,4,172.2,3,2,5
30,1,174.85,2,2,4
23,9,71.9,1,2,3
22,3,89,1,2,3
23,2,128.29,3,4,6
18,2,82.03,2,2,3
25,1,115.84,1,2,4
22,6,100.64,3,1,2
22,6,111.28,3,2,4
29,4,213.97,2,2,7
18,1,82,2,2,3
25,12,89.75,1,2,4
18,3,81.34,3,2,1
27,1,220,3,3,7
30,4,236.6,1,1,7
25,12,113,1,2,7
18,1,90.43,2,2,7
23,2,90.53,3,2,4
23,1,90.5,2,2,3
20,9,80.7,3,2,1
25,1,116,1,2,4
23,12,102.9,1,1,3
15,1,86.36,2,4,3
25,4,119.29,3,2,4
30,4,157.44,1,2,6
23,1,90.06,1,2,3
25,2,183.36,3,4,7
15,4,77.46,3,2,3
15,6,88.18,3,2,4
30,1,144.28,1,1,7
29,1,266,3,3,7
27,8,193.58,1,1,7
25,6,121.55,3,4,2
23,1,86.54,2,4,2
25,12,94.72,3,2,3
18,4,83.59,3,2,3
25,8,103.4,3,2,6
37,4,208.56,3,2,7
30,12,170.04,3,2,7
23,6,89,3,4,2
30,1,142.55,1,2,4
15,2,96.48,2,2,3
23,12,90.55,2,5,4
39,1,269,2,2,7
35,12,107.17,2,2,6
20,9,90.55,3,4,2
30,2,111.94,2,1,6
22,4,130.89,3,2,4
23,8,91.87,2,4,5
30,4,168.75,1,1,6
23,8,70.78,3,1,2
23,1,93,3,1,3
30,6,160.4,3,2,5
20,8,92.42,3,2,3
36,4,287.05,3,1,7
18,9,75.27,3,4,3
46,8,361,1,1,7
23,6,85.83,3,2,2
10,4,38,2,4,1
18,4,79.98,1,4,3
22,12,86.66,1,2,4
22,12,110.95,3,4,5
22,12,103.19,1,2,5
30,9,161.35,2,2,6
23,12,86.34,2,2,2
15,12,91.8,3,1,2
25,1,110.19,3,2,4
30,2,111.77,2,2,5
25,1,110,2,2,1
30,4,165.19,1,2,3
18,12,80.79,1,2,3
25,4,99.16,2,4,3
25,2,90.28,1,3,3
32,12,124.8,1,2,7
23,3,91.17,3,2,3
23,1,90.79,3,2,5
20,8,85.1,1,4,2
20,4,81.91,1,2,3
39,4,270,2,2,7
25,9,110.48,2,1,2
25,8,104,1,1,3
25,4,151,1,2,6
15,12,89.32,2,2,4
30,1,140.14,2,2,6
35,1,146,3,1,7
17,8,58.37,1,4,2
10,1,38.5,2,2,1
25,12,75.43,3,2,2
22,4,88.94,2,2,2
25,4,115.69,2,2,1
23,12,88.79,3,2,2
37,4,234.92,2,1,7
23,2,104,2,1,3
32,8,543.64,1,2,7
30,4,128,2,2,5
15,4,74,1,2,3
22,4,92.92,1,2,5
20,1,150.84,1,1,5
39,9,246.73,1,4,7
32,4,143,3,2,6
34,12,203.73,3,1,7
23,4,87.4,1,4,1
25,12,129,1,2,2
25,1,267.92,3,2,7
20,12,88.75,1,2,2
37,6,223.4,3,2,7
25,1,200.37,2,2,5
30,4,129,3,2,3
25,1,113.59,1,2,5
32,1,197.34,2,4,7
18,1,87,1,2,1
18,4,88.09,1,4,3
34,3,172.95,3,1,7
18,8,84.7,3,2,2
25,6,123.56,3,2,6
10,6,80.58,1,2,4
23,12,81.16,3,2,2
23,12,81.16,3,2,2
45,9,150.77,1,2,6
25,6,85.75,1,2,4
25,2,126.68,2,2,3
27,3,176.62,2,2,6
32,4,171,3,3,6
27,1,181.5,2,3,7
25,4,121.72,3,4,2
15,8,103.37,3,2,4
32,6,183,2,3,7
25,12,106.89,1,2,3
25,4,84,2,2,3
18,2,82,3,2,4
20,12,85.8,3,2,3
25,4,97.13,2,2,5
30,6,128.43,2,4,4
20,4,43,3,2,1
30,1,130,3,1,5
25,1,139,1,2,5
30,8,153.45,3,2,5
32,1,203.01,3,4,7
10,4,32.98,3,1,1
30,1,165,3,3,5
30,1,151,2,1,6
18,1,93.2,1,1,3
15,1,94.46,2,4,3
35,4,173.68,1,2,7
25,4,139.72,1,2,7
25,4,120.62,2,2,4
30,1,145,2,2,5
41,1,235.79,2,1,7
25,4,96.26,3,2,6
30,4,111.93,3,2,4
18,1,60,2,2,1
15,4,89.52,3,4,3
25,12,141.9,3,4,5
30,1,137.47,3,2,6
32,4,144.29,3,2,6
32,4,161.56,1,1,6
22,4,132.2,1,2,3
22,9,102.46,1,4,3
27,4,172.95,1,2,6
25,1,157.78,2,1,5
22,9,119.65,2,1,5
66,8,781.65,1,1,7
30,1,142.19,1,2,5
15,4,86.03,3,2,4
25,6,85.19,2,2,3
30,12,163.64,1,1,4
23,4,143.12,1,2,6
42,4,355.24,1,1,7
46,4,364.4,1,1,7
25,4,106.7,1,1,4
25,8,100.67,3,2,5
15,12,81.29,2,2,1
32,1,190,1,2,7
30,12,142.16,1,1,7
20,9,81.6,2,2,2
25,6,105.36,2,2,4
23,4,87.73,1,2,3
30,6,137.49,1,1,5
18,6,93.53,2,2,6
23,1,81.35,2,2,2
23,1,91.96,3,1,4
60,4,380,1,3,7
37,8,300.39,1,1,7
39,9,295.82,1,1,7
43,8,306,1,1,7
20,1,91.96,1,2,5
30,1,136.29,2,2,7
27,4,187.2,3,2,7
30,1,143.06,2,2,6
30,12,132.07,2,2,4
30,4,142.36,1,2,6
25,1,98,1,2,2
25,1,140.25,1,1,7
20,4,101.51,3,2,3
23,6,78.24,2,4,3
22,8,78.05,1,2,5
25,2,87.62,2,2,4
25,6,93,3,2,4
23,2,73.51,1,2,3
32,4,199,1,2,7
15,1,83.66,2,2,3
30,1,137.45,2,2,6
30,3,140.74,2,2,4
32,8,229.9,1,1,7
25,1,100.19,1,2,4
27,9,139.63,2,4,4
39,1,328.52,3,2,7
30,1,163.59,2,2,6
18,2,80.46,1,1,3
23,1,88.48,2,1,3
30,4,138.75,1,5,5
20,4,86.07,3,2,3
29,3,194.71,1,2,7
15,4,54.84,2,2,1
23,1,67.98,1,1,2
32,1,183,1,3,7
23,4,93.39,2,4,5
32,4,131.08,1,4,5
30,12,149.2,1,1,7
25,1,116,1,2,4
30,6,150.09,3,2,5
35,4,127.94,2,2,7
15,8,86.23,1,2,6
22,9,91.25,1,1,2
35,2,186,3,2,7
23,1,80.66,1,2,4
28,12,156,2,3,6
27,12,129.45,1,4,5
20,2,78.11,3,4,2
25,1,175.84,2,2,7
25,1,132,1,2,6
23,12,89.45,1,2,2
27,1,288,2,3,7
25,4,113,2,2,7
30,1,137.47,3,1,5
30,1,131.04,1,2,6
15,6,76.01,2,4,3
25,1,101,1,1,1
30,4,117,3,1,3
20,3,90,3,4,4
18,3,80,2,5,1
25,8,94.86,1,2,3
35,2,153.57,3,4,7
25,1,107,2,2,3
25,1,136,2,1,6
25,12,121.18,3,2,2
37,6,223.4,2,2,7
25,1,116.99,1,2,6
25,2,127.77,1,2,6
30,4,150.42,3,2,7
18,1,89,3,2,2
27,6,87.84,1,1,6
25,12,89.78,2,2,4
25,4,134.16,3,2,4
18,4,91,2,4,2
30,4,130,1,2,5
23,3,90.58,2,4,4
41,8,375,1,4,7
30,4,137.34,2,1,3
42,4,169.87,3,2,7
36,1,330.11,1,2,7
30,1,161,2,2,5
24,2,98,1,1,6
22,2,97,3,2,4
25,4,119,1,4,5
25,4,89,2,1,1
18,6,82.72,1,2,3
30,4,143.8,1,2,5
25,6,141,2,2,6
22,2,97,3,2,4
23,3,72,3,2,3
30,1,182.69,2,1,7
15,12,62,2,2,1
20,8,88.55,1,2,6
10,4,57,2,2,3
25,9,95.92,2,2,5
30,2,140.88,3,1,6
25,4,142.09,1,2,7
40,12,118.31,3,2,6
30,1,176.99,1,2,7
15,1,74.44,2,2,4
32,1,199,2,2,7
30,4,108.71,1,2,4
18,3,79.44,1,2,3
27,4,99.37,2,2,4
25,1,86.94,1,2,3
25,12,99.26,3,1,2
30,3,140.22,1,1,6
25,1,106,1,2,4
25,1,100.01,1,2,5
47,4,466,1,2,7
30,1,168,2,2,5
25,1,142,2,1,6
30,1,127.88,3,2,7
25,1,141,1,4,6
15,6,90,1,2,4
25,4,96.94,3,2,5
20,8,88.08,2,2,4
15,4,77.65,2,2,3
25,1,103,1,2,3
22,3,151.66,2,4,4
25,9,128.35,1,4,4
25,1,154,1,2,6
25,4,93,2,2,3
32,4,143,3,2,7
18,1,82,1,4,3
15,6,84.45,3,4,2
25,8,119.2,2,2,4
20,12,82.11,3,2,4
27,4,156.79,1,1,6
18,8,89,1,2,2
30,3,136,1,2,6
30,1,183,1,4,7
44,8,348.43,1,2,7
10,1,45,3,2,1
15,12,82.43,2,2,2
30,2,125,3,2,5
23,1,88.89,3,4,4
15,4,81.28,3,2,2
10,1,46,3,2,1
38,8,147.94,1,2,4
30,4,190.07,3,2,5
20,8,92.42,3,2,3
41,8,203,1,1,6
32,4,197,2,1,7
7,12,51.32,2,2,2
22,12,176.16,1,2,7
15,2,60.04,3,2,1
42,8,332,1,1,7
25,4,97.09,3,2,2
20,9,89.97,2,2,3
15,9,86.37,3,2,5
25,4,90.93,1,1,2
25,9,108,2,2,3
20,12,89.33,2,2,4
10,6,54,3,2,1
20,12,70.62,2,2,3
22,4,88.04,3,2,2
49,8,357.28,1,1,7
15,12,89.66,2,2,3
32,1,194,1,1,7
32,4,184,1,1,4
18,2,72.87,1,2,3
28,1,132.71,3,4,4
20,3,89.95,2,2,4
25,12,136.75,3,2,7
22,4,158.71,1,4,3
23,1,97.66,3,5,3
32,1,264.08,3,2,7
32,1,189.78,3,2,7
20,6,88.65,1,4,2
32,4,188,1,1,3
30,1,138,3,1,7
10,12,47.32,2,2,2
25,8,108,3,1,3
25,1,107.27,2,2,4
32,8,184.68,3,1,7
34,1,217.23,3,1,7
23,4,84.96,2,1,3
25,1,140.2,3,2,4
20,12,93.42,3,4,2
15,2,81.51,3,2,2
15,4,63.65,2,4,1
30,12,133,2,1,3
18,3,72.2,1,2,2
25,1,114.74,1,2,4
30,3,137.77,3,2,4
34,8,259.24,1,1,7
15,12,61.45,3,4,1
23,1,83.88,3,2,2
18,4,84.08,1,2,2
25,1,91.03,1,2,5
23,6,89.93,3,2,3
25,6,130.15,1,2,4
23,1,88,3,4,4
25,6,104.84,2,2,2
32,1,183,1,3,7
23,3,89.64,2,2,4
30,2,142.36,3,2,5
23,4,87,2,2,3
22,1,132.79,2,2,5
30,1,140,2,1,4
25,12,101.16,1,2,4
37,1,215.6,3,4,6
31,6,201,3,2,7
30,2,87.53,1,2,4
30,9,143.96,2,4,5
37,1,255,2,3,7
20,4,80.67,2,2,4
23,4,86.52,2,2,3
25,9,128.92,3,2,4
20,12,78.88,2,2,2
18,4,77,1,4,3
30,1,189,1,2,7
25,9,128,1,2,5
22,1,124,1,5,4
18,1,84.51,1,2,3
18,12,87.99,2,4,1
25,1,104,2,1,3
32,12,156,1,2,6
10,8,48.17,2,2,2
32,4,148,1,1,7
35,1,200,3,4,6
27,8,113,1,4,5
27,6,108.49,1,2,6
20,8,88.79,2,2,4
29,4,242.7,1,4,7
25,12,119.41,3,2,4
20,2,89,2,4,2
18,1,75.81,2,2,4
22,1,117.47,1,2,4
32,1,202.31,2,1,7
22,4,119.38,3,2,5
30,2,142.36,3,2,5
23,1,97.66,3,5,3
22,12,122,3,2,5
35,4,166.67,3,1,4
23,2,83,3,1,2
25,4,93,2,2,3
37,4,231,1,1,7
32,1,183,1,3,7
25,8,124,1,2,5
23,2,88.11,2,2,4
25,12,114.6,2,2,2
25,6,98,1,4,2
59,1,442,3,1,7
25,1,144,1,2,6
25,8,99.95,3,1,4
34,1,200,3,2,7
25,2,95.51,1,2,5
32,12,183.61,2,2,7
25,12,94,2,4,3
27,1,132.69,3,2,6
23,4,109.34,3,2,4
25,12,147.36,2,2,4
15,12,55.53,1,2,3
18,12,106.16,1,4,3
25,2,124.77,2,2,6
30,4,190.06,3,4,6
29,9,190.24,1,1,5
25,1,135.59,3,2,6
25,1,104.95,3,2,4
30,12,125,1,2,6
20,3,89.55,3,2,4
15,1,85.52,2,2,4
30,1,148.01,1,2,4
18,4,92,3,2,4
39,4,210.59,3,2,7
39,1,255,2,3,7
27,4,142.24,1,2,7
27,9,115.08,3,4,6
20,8,92.42,3,2,3
23,12,88.5,2,2,2
18,12,79.66,3,4,4
25,12,113.19,3,4,1
22,4,100.58,2,1,4
20,2,91.2,1,4,2
15,12,92.35,1,2,4
27,1,100.94,2,4,3
20,2,81.04,3,2,4
32,9,178,2,3,7
22,8,107.52,2,4,5
15,3,77.08,1,4,3
30,4,178.99,2,2,4
25,8,97.8,2,2,3
15,12,87,3,1,5
25,1,157.78,2,1,5
25,4,89.48,3,2,4
30,1,189,1,2,7
34,8,200,1,1,7
30,4,182.85,2,4,7
32,2,127.88,3,2,6
20,6,71.28,1,2,2
30,12,126.45,2,1,3
35,4,203,2,3,6
15,3,71.45,2,2,2
27,4,266,1,2,7
10,2,49.73,1,4,1
30,2,125.2,2,4,4
27,4,121,1,3,4
25,1,98.45,2,2,3
29,6,88.38,2,1,6
20,2,81,2,2,4
25,4,105.3,3,2,5
22,4,110.4,1,4,4
37,2,179.46,3,2,7
32,4,128.08,3,4,3
25,9,139.24,2,2,5
23,12,84.5,2,2,4
37,4,248.9,1,3,7
30,12,117.03,1,1,2
54,4,527.6,1,1,7
27,1,289,3,3,7
30,9,212.7,1,5,7
30,1,134.66,2,2,6
25,4,163.79,3,2,7
25,4,120.05,2,2,3
25,1,135,1,2,7
23,12,94.47,1,2,4
25,1,138,1,2,5
30,1,137,1,2,4
32,1,183.99,1,3,4
30,12,163.48,2,4,6
23,12,79.27,1,2,3
22,12,95,1,2,3
30,1,107.15,1,4,4
23,4,94.82,1,2,4
20,2,95.58,3,2,5
10,4,62.16,2,2,2
18,1,88.05,2,4,4
25,4,156.22,1,2,7
18,6,84.09,3,2,4
25,12,97.21,1,4,2
20,8,85.61,2,2,5
18,8,86.16,3,4,3
37,1,239.88,1,2,7
39,1,354,3,4,7
15,1,63,3,4,2
15,12,89.04,1,4,4
18,8,90.36,1,2,5
22,12,136.94,1,2,5
27,1,220,2,2,7
18,1,90.76,1,4,2
25,4,112.51,2,1,7
25,2,111.35,2,2,6
25,9,110.12,1,4,3
25,3,114.25,3,2,5
25,8,99.37,1,2,4
25,1,93.66,2,2,4
18,6,118.53,2,4,4
27,6,136.01,2,2,6
30,4,186.1,1,3,5
10,4,42,2,2,1
25,4,102,2,1,1
15,4,78.85,2,1,1
13,4,100,2,3,4
30,6,87.99,3,1,4
25,4,105.56,3,2,4
15,4,53.79,2,2,2
25,1,154,1,2,6
22,8,132.56,3,4,3
18,4,94.75,1,4,3
25,8,84.09,3,2,3
25,8,75.91,2,2,3
18,4,59.31,2,2,2
25,8,103.99,3,1,2
23,3,130.12,2,2,4
28,8,143.29,1,2,3
15,4,80.61,1,2,4
32,4,202.31,2,1,7
20,4,122.36,3,2,4
32,2,155.54,2,2,5
40,12,118.31,3,2,6
15,12,89.36,3,4,2
10,1,42,2,2,1
18,12,71,3,3,2
18,4,52,2,4,2
25,4,130.55,2,2,7
27,6,136.01,2,2,6
18,4,65,1,2,2
22,4,155,1,5,5
20,2,92.41,3,4,3
27,1,181.53,2,3,7
34,1,211.18,1,1,7
30,4,117,3,1,3
30,8,153.67,3,2,7
18,9,64.24,2,2,2
15,1,95.79,3,2,5
35,4,146,1,4,7
25,4,126.54,2,2,4
39,4,262.71,2,2,5
25,1,124.62,3,2,6
23,1,83,3,2,1
25,6,105.97,2,2,5
22,2,97,3,2,4
30,1,140.94,1,1,7
18,1,89.78,1,2,3
35,4,173.68,1,2,7
30,9,150.02,2,4,6
30,9,123.18,1,2,4
35,1,127.32,1,2,7
25,1,78.08,2,2,6
15,1,75.58,3,2,3
18,2,82,3,2,4
20,4,143.3,2,4,2
18,9,82.11,1,2,4
23,2,84.84,2,2,3
25,4,103.83,3,2,5
30,4,143.05,1,2,5
10,4,41,2,2,1
23,3,87.56,2,2,4
18,1,80,3,1,1
25,12,101.16,1,2,4
23,6,91.87,3,2,6
25,12,114.73,3,2,5
30,4,140.87,2,1,6
20,3,76.61,1,2,3
23,6,95.54,2,2,1
32,1,188.44,3,2,7
20,12,80.22,1,4,1
25,12,112.74,3,2,4
30,6,133.22,3,2,4
22,6,97.3,1,1,3
29,12,214.79,2,2,7
15,6,74.39,2,2,3
15,2,64,3,4,4
20,6,106.45,3,2,5
15,12,77.38,2,4,3
24,1,100.17,1,1,6
25,12,86.41,2,2,3
25,1,117.13,3,2,5
18,8,73.86,1,4,1
25,8,105.27,2,2,2
25,6,134.34,2,2,7
15,4,81.56,3,4,3
25,1,94.99,1,4,4
32,4,189.65,1,2,7
30,1,130,3,1,4
37,4,187,1,1,3
37,12,370.89,3,2,7
30,12,156,2,2,6
30,1,138.04,2,2,4
25,12,121.48,1,1,3
25,4,117.94,3,2,4
32,1,189.68,3,2,7
45,2,301.29,1,1,7
27,4,121,1,3,4
20,4,87.7,1,2,4
32,1,138.3,1,1,5
30,1,150.42,3,2,6
25,6,90.54,2,4,1
25,8,97.52,2,2,4
32,4,267.21,1,1,5
32,4,181.58,2,1,3
20,12,84.53,3,2,1
22,12,92,1,1,2
37,1,207.25,3,2,7
25,1,93.89,1,1,3
20,3,89.95,2,2,4
25,12,101.09,1,2,5
32,1,228.15,3,2,7
32,9,178,2,3,7
23,2,91.91,3,1,5
30,4,239.88,1,2,7
27,4,240,1,1,7
25,1,74,3,2,1
25,8,94.22,3,4,3
23,12,93.77,2,2,3
30,4,111,3,2,3
25,4,75,3,2,1
25,4,131.98,2,2,5
23,1,96,3,1,2
22,8,128.69,2,2,6
23,9,86.92,1,2,4
15,2,82.78,2,2,4
23,8,80.06,2,2,2
23,6,89.16,2,2,4
25,8,106.44,3,4,2
22,8,97.03,3,1,4
25,1,117.15,3,2,5
28,3,131.63,1,2,4
32,4,185.02,1,2,7
30,4,128.74,2,2,4
30,3,168.4,3,2,7
15,8,79.78,2,2,3
30,4,139.04,1,2,6
32,1,189.7,2,2,7
30,4,141.76,1,2,6
27,2,128.06,1,2,4
25,4,200.33,3,4,5
30,4,161.78,1,1,4
20,12,87.34,3,2,3
25,12,106,3,5,5
25,1,89.67,1,2,5
10,4,95.8,2,2,5
32,8,229.9,1,1,7
18,4,87.51,1,2,3
32,1,113,2,2,2
20,12,86.33,2,2,3
23,1,68.91,3,2,2
25,4,121.42,3,4,2
22,12,83.56,1,2,3
23,1,108,2,2,1
30,1,145,2,2,6
30,4,135.52,1,2,5
28,12,156,2,3,6
25,1,91.03,2,2,5
25,1,133,2,2,5
32,4,188,1,1,3
25,12,127.44,1,4,4
25,1,122,1,1,3
36,8,251.53,1,2,7
25,4,110,2,2,5
15,4,85.7,3,1,2
20,4,103.23,2,4,3
18,1,75.4,3,2,2
27,4,266,1,2,7
25,4,143.32,3,2,5
23,4,86.56,1,2,4
39,9,246.73,1,4,7
30,2,97.84,1,2,4
30,4,162.53,1,2,6
37,1,222.12,3,2,7
18,2,83,2,2,2
18,4,80.23,1,2,2
15,4,89.52,3,4,3
30,1,130.89,2,2,7
22,4,106.7,1,1,4
10,4,37,3,1,1
20,12,89.28,1,2,4
25,4,144.66,2,1,5
23,1,89.24,1,2,4
30,12,136.82,1,2,6
25,8,94.93,1,1,4
37,1,217.69,3,2,7
28,1,146,1,2,5
23,2,90.3,3,2,4
25,4,114.96,1,2,4
22,12,136.07,2,2,4
18,2,79.53,3,2,2
32,1,265,3,1,7
23,12,92.79,3,2,4
15,3,81.76,1,2,4
27,6,126,1,1,3
27,9,96.76,1,2,6
25,2,128,1,1,3
23,4,90.09,1,2,3
25,4,91.2,3,2,5
25,1,118.36,3,4,6
25,1,98,1,1,1
37,4,172.2,2,2,6
25,4,176.7,2,2,7
23,12,105.77,2,4,3
32,4,179,1,1,4
30,1,187.2,3,2,7
23,12,86.34,2,2,2
41,1,152,1,4,6
23,1,91.75,3,2,2
15,12,78.51,3,2,2
30,4,109.53,3,2,6
27,6,156.79,1,1,6
39,1,206.21,3,2,7
37,4,234.92,2,1,7
53,8,650,2,1,7
29,1,266,3,3,7
23,3,92.37,1,4,3
25,1,105,3,4,4
20,12,89.82,1,2,3
23,8,81.41,2,2,2
15,12,75,2,2,2
30,6,137,2,1,5
25,6,159.96,2,1,5
23,6,91.72,2,2,4
30,12,131.86,2,1,5
25,1,101,3,1,1
30,1,137.49,3,1,7
30,12,114.98,2,2,3
25,4,98.3,3,2,2
25,1,140,3,1,5
30,1,148.01,1,2,4
30,1,127,2,1,5
32,1,179.46,3,2,7
20,1,74.39,3,2,4
15,8,79.53,2,2,2
30,4,127.02,1,2,6
30,1,185.43,2,2,7
25,4,102.66,3,1,4
20,8,73.82,2,5,4
20,1,85.2,1,4,5
25,12,88.71,3,2,2
20,8,88.79,1,2,4
10,1,60.13,3,2,2
30,9,183,1,3,7
25,1,141.82,2,2,5
35,8,417,1,1,7
25,1,121,1,4,5
25,1,101.56,2,1,5
25,4,75.6,2,2,2
30,4,88.29,1,4,5
30,2,170,3,2,7
30,1,115.97,1,2,3
30,4,144,3,2,4
23,1,91.73,1,4,2
32,1,192.44,2,2,7
25,12,117.82,1,2,3
30,6,147.97,3,2,5
25,1,117.14,3,2,6
30,3,90.55,2,1,3
25,2,90.01,1,2,4
15,4,73.99,3,2,3
30,4,198.76,1,2,5
15,12,72.85,3,2,3
23,2,87.43,3,4,2
15,2,79.2,1,2,4
23,4,98,1,2,2
25,4,108.12,1,2,5
25,12,113.46,2,1,2
32,1,183,1,3,7
15,12,78.05,1,2,3
15,8,83.5,1,2,3
37,1,245,1,2,7
18,4,89.96,2,1,1
25,1,120.05,1,5,5
37,6,223.4,3,2,7
18,12,89.17,3,2,1
23,12,86.2,3,2,4
18,8,63.95,1,4,2
15,1,84.35,1,4,3
25,4,111,2,2,2
34,4,518.84,1,1,7
23,6,87.97,1,2,3
30,1,122.29,1,2,4
27,12,181.38,2,2,7
25,1,82,1,4,1
42,4,454.96,1,1,7
25,2,109.79,3,2,3
44,8,413,1,1,7
25,6,112,1,2,4
22,4,96.32,1,1,4
27,1,240,2,3,7
25,1,120.42,3,2,3
30,12,139.67,1,2,5
25,1,163.67,3,2,5
30,9,155.57,1,2,6
25,12,125.66,2,2,4
30,12,113.95,3,2,3
30,1,135.15,2,2,4
25,12,90.23,3,2,4
15,12,90.99,2,4,3
22,4,133.44,1,2,6
37,4,306,1,1,7
30,1,163.11,3,1,5
32,9,325.15,3,1,7
10,4,35,1,2,1
25,1,137.02,1,2,7
25,1,142.21,1,2,6
25,12,125.17,1,1,5
46,4,343,1,1,7
15,6,75.58,3,2,4
30,1,134.66,2,2,6
25,4,128,2,1,4
23,4,77,1,2,4
23,9,115.53,3,2,4
23,1,91.32,3,2,4
30,3,178.42,1,2,7
22,4,89.52,3,1,2
25,8,136.91,2,2,6
20,6,75.11,3,4,3
20,2,98.42,2,2,4
32,1,170.3,2,4,6
10,2,56.27,2,2,3
18,1,89,3,2,2
18,2,79.13,2,2,1
20,6,87.22,2,4,2
32,1,222,3,3,7
25,8,139,2,4,3
25,4,96.1,1,2,4
15,2,77.74,1,5,3
20,4,92.24,3,5,4
25,9,101,2,2,5
30,4,137.59,2,4,5
25,8,142.52,3,1,4
15,4,86.05,3,2,3
22,12,177.78,1,3,7
30,12,191.46,3,2,6
42,1,318,3,1,7
32,4,135,1,1,6
23,1,90.49,1,1,2
18,2,90.17,2,2,4
15,4,74.9,2,4,2
27,6,235.35,1,2,7
25,4,172.72,1,2,5
30,1,111.92,1,2,6
20,9,82.29,1,4,3
15,6,91.14,3,2,4
22,2,109.82,1,2,2
30,8,186.64,3,2,7
25,9,116,2,4,6
39,4,457,1,3,7
25,1,122,2,1,2
18,12,87.42,3,2,2
25,1,152.03,2,1,4
18,4,80.26,2,2,4
25,4,93.85,3,4,4
20,12,95.1,3,4,1
34,4,215.93,2,2,7
22,4,105.59,3,2,4
25,12,157.7,2,2,6
30,2,88.03,3,4,5
30,4,149.17,2,2,5
25,3,126.2,2,2,5
22,4,208.01,1,2,5
30,1,190,3,1,5
23,1,98.5,2,2,5
18,12,100.38,3,2,3
15,3,93,1,2,5
25,1,95.34,3,1,4
23,12,90.58,1,4,4
32,1,289.08,2,2,7
18,1,67.54,1,2,2
20,1,83.01,2,2,3
32,4,170,1,1,5
25,1,91.03,2,2,5
37,6,198.01,1,2,7
20,1,88.24,1,5,4
27,4,150.13,3,1,4
15,4,77.19,3,2,4
32,8,180,1,1,4
30,1,161.84,3,1,7
15,3,77.39,1,2,3
30,4,209.76,2,2,7
27,1,181.5,2,3,7
23,4,90.23,2,1,1
18,3,73.53,3,2,3
22,8,127.44,1,2,4
30,4,144.25,3,2,6
32,1,210,3,4,7
22,4,130.58,2,2,2
32,4,203,1,2,7
27,6,183.62,3,2,7
23,4,98.94,3,2,4
25,4,96,3,2,1
25,2,96.53,1,2,5
25,4,109.05,3,2,5
22,2,143.85,2,2,6
22,4,109.98,1,2,5
25,2,101.83,1,2,6
28,1,132.71,3,4,4
25,2,99.94,2,1,3
37,6,183,3,1,7
15,12,91.32,2,2,2
23,3,81.71,1,2,2
10,1,47,2,3,3
18,1,89.75,2,2,5
20,12,87,1,2,4
18,2,90,1,2,2
30,3,116.16,3,2,4
18,4,71.37,3,4,1
32,1,188,1,1,7
32,1,189.8,2,2,7
54,4,282,1,1,4
23,2,93.32,3,2,4
22,4,89.11,2,2,4
15,12,60.23,3,4,1
30,4,152,1,1,7
23,12,90.55,2,5,4
30,12,121.89,2,2,5
30,2,125.2,2,4,4
25,4,96.73,1,2,3
23,2,89.3,1,2,3
20,6,88.42,2,2,4
33,1,133.86,3,2,3
23,8,88.42,2,2,4
27,1,127.68,1,2,4
18,3,72.01,1,2,2
30,12,106,3,1,1
36,4,248.9,2,2,7
25,4,101,2,2,4
23,3,75.91,2,1,3
15,2,78.48,3,2,3
25,4,124.26,3,4,1
25,4,102,2,2,2
30,12,109.68,1,2,2
18,1,89.78,1,2,4
25,6,111.28,3,2,5
22,8,127.44,1,2,4
18,9,78.27,1,4,3
34,4,156,1,1,7
37,1,219.15,3,2,7
25,8,140,1,4,7
30,1,190,3,1,5
25,2,87.76,3,2,4
37,1,226.39,1,1,7
39,4,294.8,3,1,7
20,12,95.1,3,4,1
30,3,140.74,2,2,4
20,2,94.31,1,2,4
32,12,156,1,2,6
30,4,152,1,1,7
15,4,60.13,2,2,2
32,1,193.65,1,1,7
22,4,126.64,2,2,3
30,1,133,2,2,3
28,12,165,3,1,5
30,2,128,2,1,5
30,12,142.36,2,2,6
18,1,89.78,1,2,3
25,1,101,2,1,1
30,1,180,2,1,6
18,1,90.43,2,2,7
30,1,130,3,1,5
18,1,69.94,2,3,4
25,1,103,1,2,3
23,1,96.03,1,2,3
30,4,126.62,1,5,5
27,1,120,1,2,4
34,4,457,1,3,7
22,12,106.78,1,2,5
25,1,105,3,4,4
25,4,115.51,1,1,5
32,2,215.93,1,2,7
32,4,199,1,1,7
25,1,120.03,2,4,3
18,6,89.34,1,4,3
25,1,98,1,1,1
15,8,74.45,3,2,3
23,8,98.38,3,1,4
25,4,104.74,1,2,6
30,2,179.39,1,2,7
20,4,96.98,1,2,3
18,1,75.9,2,2,3
25,1,86.03,3,2,3
22,4,158.71,1,4,3
30,4,117,3,1,3
25,6,108.29,3,2,4
30,1,143.59,1,2,7
29,4,242.7,1,4,7
25,4,127.94,2,2,3
25,1,119,2,2,4
25,6,117.04,3,4,4
25,1,112.6,1,2,4
25,4,110.77,1,2,5
23,3,98.5,1,1,5
30,4,162.5,2,2,6
15,12,72.85,3,2,3
25,1,200.1,3,2,5
42,4,254,1,1,4
22,8,94.05,3,2,3
18,1,80,2,4,1
18,1,99.34,1,1,4
25,1,141.96,1,4,5
39,1,292,1,1,7
15,4,84.6,1,2,3
18,4,94.75,1,4,3
25,2,96.95,3,2,2
20,4,103.17,1,2,4
25,12,96.87,2,4,3
37,2,335.08,1,1,7
32,12,156,1,2,6
30,3,140.74,2,2,4
23,3,85.51,2,2,2
32,6,88.32,3,1,5
25,1,183.82,3,2,7
15,4,57.15,1,4,1
25,1,132.98,3,2,4
25,4,104.53,2,2,4
22,12,143.61,1,2,7
10,4,50,3,2,1
27,9,150.38,1,2,5
25,4,104,1,2,5
35,8,153.24,3,2,4
17,9,84.46,3,2,4
32,1,201.58,2,1,7
18,4,83.33,2,2,2
18,4,85.72,3,2,3
25,1,163.67,3,2,5
20,8,85.3,1,5,4
25,9,139.24,2,2,5
15,1,180,2,2,7
18,6,94.55,3,2,3
25,1,135,2,2,7
23,4,87.74,2,2,4
30,1,169,2,2,7
25,9,103.03,2,4,3
25,4,126.93,1,2,6
25,1,113.32,3,2,4
30,4,130.88,2,1,7
30,4,140.5,2,2,5
25,4,110,2,2,5
23,4,95.43,3,2,3
25,1,140.2,3,2,4
18,12,69.95,3,2,3
23,8,92.04,2,5,5
25,12,136.41,3,4,2
32,8,179.78,1,1,7
30,1,132.89,2,4,6
20,4,55,2,2,1
25,1,94,3,1,1
25,4,111.57,1,2,2
58,8,380,1,2,7
25,4,119.53,3,2,4
25,1,98,3,2,2
18,8,83,3,4,3
25,1,99.61,2,4,3
30,2,126.44,3,3,6
10,1,50.48,2,2,1
32,4,210,1,1,7
30,12,170.04,3,2,7
18,2,90.17,3,2,3
10,4,40,2,2,1
18,2,70.13,2,2,3
25,8,90.35,2,2,3
23,4,74.38,3,2,3
30,4,152,1,1,7
25,1,89.79,3,2,4
27,8,124.99,2,2,4
25,4,105.3,3,2,4
37,4,558,1,1,7
30,1,188,1,3,6
15,4,70.67,3,4,3
25,8,123.5,1,2,2
25,4,130.4,2,2,7
39,8,277,2,2,7
30,1,183.01,2,1,6
25,2,87.76,3,2,4
22,8,109.99,2,2,4
35,12,146,1,2,6
10,1,48,2,2,1
25,12,126,1,2,4
25,12,127,3,5,5
15,12,65,3,2,2
23,4,87.73,3,2,3
10,2,49.76,2,2,2
15,12,59.78,1,2,1
42,8,311,1,1,7
42,8,332,1,1,7
29,9,190.14,1,2,5
30,1,138,3,4,7
25,4,176.7,2,2,7
32,4,194.19,3,2,6
20,6,89.31,2,2,2
22,12,131.15,3,2,5
15,9,90.41,1,4,1
25,1,98,1,3,3
23,1,91.96,3,1,4
25,6,156.5,1,1,5
18,12,87,3,1,5
22,4,103.32,3,2,2
30,2,137.7,2,2,6
30,1,173.96,1,1,6
15,4,51.38,2,2,1
36,4,245.15,2,1,7
30,12,121.89,2,2,5
25,4,111.77,3,2,5
23,2,92.18,3,4,5
32,1,183,1,3,7
38,4,123,1,1,3
25,6,121.47,2,2,4
25,2,99.07,1,2,4
18,4,103.96,2,4,3
18,9,88.68,3,4,4
25,1,138,1,2,6
20,6,81.04,1,2,4
22,4,158.71,1,4,3
48,8,291.03,1,1,7
25,1,140.25,1,1,7
23,9,79.96,3,2,3
18,6,58.18,3,2,3
15,12,62,2,2,1
25,12,115.56,2,2,3
15,3,67.4,3,4,3
30,2,97.84,2,2,5
23,4,89.54,2,2,4
23,2,74.64,2,1,3
30,3,152.47,3,1,3
15,4,53.68,3,4,1
32,4,213.97,1,2,7
30,4,198.76,2,2,5
23,2,85.86,2,2,4
18,1,81.24,3,2,2
25,1,90.58,2,2,3
23,1,84,3,1,2
25,4,113.42,1,4,2
34,8,264,1,1,7
30,3,178.42,1,2,7
25,2,147.5,2,2,4
30,1,167.97,3,2,7
25,12,101.16,1,2,4
23,1,92.17,2,1,5
42,8,302,2,3,7
32,4,179,1,1,4
23,1,88.92,3,4,4
25,1,116.9,2,2,5
48,4,554,1,1,7
42,4,410,1,1,7
25,4,94.17,2,4,2
27,1,220,2,2,7
32,2,186,2,1,7
17,1,45.38,2,2,1
32,1,148,3,1,7
20,1,86.62,3,2,3
23,1,93,3,1,3
30,3,130.08,2,2,4
30,12,113,1,1,4
30,3,129.08,3,4,6
20,3,89.14,2,2,4
30,4,198.76,1,2,5
25,8,118.01,2,2,3
45,2,301.29,1,1,7
18,1,78.14,2,4,1
20,4,64,3,1,3
25,2,101.83,1,2,5
23,3,73.97,2,2,3
27,12,125.69,3,2,4
30,8,140.46,2,2,5
30,2,157.3,1,2,5
30,1,130,1,4,5
23,1,95.44,1,2,4
37,6,222.42,2,2,7
10,1,37,3,2,1
25,12,123.1,1,5,4
22,4,89.52,3,1,2
32,1,189.99,1,2,7
30,3,130,2,2,4
25,6,170.54,3,4,5
10,1,38,2,1,1
37,6,183,1,2,7
25,12,125.43,1,2,4
25,6,123.56,3,2,6
25,4,127,2,4,5
25,1,91.99,3,1,3
30,6,138.3,3,2,6
15,8,89.08,1,4,4
15,12,82.2,1,1,1
20,8,78.86,3,2,4
22,1,113.03,3,2,5
32,4,199,1,2,7
39,1,248,3,1,7
30,6,119,3,2,4
18,9,78.27,1,4,3
18,12,87,3,1,5
18,12,100.38,3,2,3
36,4,287,3,1,7
25,1,99.61,2,4,3
25,4,125.73,1,1,1
25,9,121.38,3,2,3
10,4,42.59,1,5,2
25,1,120.03,2,4,3
30,4,206,1,4,7
23,9,77.7,3,2,3
23,4,102.96,3,4,2
30,4,137.94,3,2,5
30,4,138.07,3,2,7
30,1,138,2,2,5
37,4,252,1,3,7
41,4,358.17,3,2,7
18,12,91.71,3,4,3
18,1,87.66,3,2,3
25,8,91.93,2,2,4
15,8,74.45,3,2,3
27,3,133.71,3,4,6
35,4,165,1,1,5
39,1,206.21,3,2,7
25,4,128.07,1,2,3
25,1,93,2,1,1
23,12,82.09,2,2,2
15,12,89.79,3,2,2
25,4,94.16,3,1,4
18,4,52,2,4,2
25,9,96.04,3,4,2
25,1,91.03,2,2,5
25,9,133.64,3,4,7
32,1,149,3,3,6
25,1,115.52,3,2,4
37,6,230.82,3,2,7
25,1,124.43,3,2,5
15,2,66.63,2,2,2
37,1,255,2,3,7
15,2,70.04,1,4,3
15,6,89,3,2,4
20,3,76.28,1,2,3
23,12,90.55,2,5,4
25,9,113.69,1,2,4
30,4,143.49,3,2,4
22,1,161.39,1,5,7
29,4,160.98,3,2,6
18,4,86.62,2,2,2
15,6,73.66,2,2,3
27,2,180.72,3,2,7
15,2,90.17,3,4,4
25,1,141.82,2,2,5
25,3,105.83,2,2,2
37,1,217.69,2,2,7
42,1,253,3,2,7
22,12,114.73,2,2,5
23,4,80.68,1,2,3
25,8,96.84,1,1,4
18,2,85.6,1,1,4
18,8,70.5,2,2,3
30,4,120.47,1,1,5
25,8,98.13,3,2,3
30,2,140.42,2,1,4
42,9,229.88,1,2,7
20,1,96.82,3,2,4
39,4,239.88,3,1,7
22,3,124.09,2,2,5
18,6,94.55,3,2,3
34,3,196.71,3,4,7
25,1,89,1,1,1
18,12,76.14,3,4,3
35,1,239.88,2,2,7
30,4,113.42,1,2,5
37,1,224.81,1,2,7
25,4,89.55,1,4,4
37,1,172.18,3,2,5
32,4,184,1,1,4
26,3,226.1,3,2,7
15,6,87.79,3,4,2
25,4,116,1,2,2
20,4,73.63,3,2,3
15,12,81.62,1,4,4
15,1,84.23,1,2,3
32,1,148,1,2,6
15,12,74.36,2,2,2
22,4,90.33,2,2,3
18,8,89.03,3,5,2
55,8,256.68,1,2,4
20,3,94.34,1,4,3
23,9,84.45,3,2,3
15,6,77.99,1,2,4
27,1,181.5,2,3,7
15,2,56,1,2,2
20,1,71,2,2,3
39,8,250,1,1,7
25,1,117,1,2,3
30,1,141,3,4,5
18,4,75.15,1,2,1
34,8,381.43,3,1,7
25,12,118,1,2,6
40,1,297.25,3,2,7
44,4,302.87,3,2,7
30,1,202.86,3,1,7
30,1,137.15,2,2,4
27,1,150.38,2,2,6
32,1,213.97,2,2,7
30,1,163.59,2,4,6
18,8,89.78,2,4,2
30,1,170.15,2,4,7
25,4,122.1,2,2,1
23,9,91,2,1,2
25,9,117.14,3,1,4
30,4,188.7,2,1,7
30,4,153,1,2,7
44,4,303.43,1,1,7
29,3,194.71,1,2,7
15,4,77.65,2,2,3
30,12,250.1,3,4,4
30,4,120,1,2,4
20,8,84.96,2,2,3
25,8,91.93,2,5,4
37,6,198.01,1,2,7
29,4,253.87,2,2,7
30,1,182,2,1,7
30,9,210.97,3,2,7
23,12,115.46,1,2,2
34,8,360,1,1,7
32,4,144.29,3,2,6
22,4,88.94,1,2,3
25,4,102,1,2,2
20,2,74.01,2,5,3
30,12,140,3,2,4
22,6,152.18,3,2,7
25,2,100.27,2,2,3
18,2,89.59,3,4,5
30,1,164.7,2,2,7
15,3,64.44,3,4,2
15,12,57.87,3,4,2
25,6,104.67,3,2,2
25,4,96.11,3,1,3
20,12,104.72,2,2,5
30,6,132.62,3,2,2
27,8,144.84,1,1,6
34,12,378.84,1,2,7
25,8,114,3,2,4
30,1,336.71,2,1,7
25,12,86.86,3,2,2
25,3,103.64,2,1,4
22,1,81,2,4,1
15,2,77.74,3,2,2
30,1,122.43,2,2,5
15,12,71.44,2,2,2
30,4,246.69,3,2,4
20,6,70.51,2,2,4
15,4,82.47,2,4,3
40,1,157,3,2,7
32,4,143,3,2,7
23,1,86.12,3,2,2
25,4,99.95,2,1,4
30,8,189.59,3,2,7
23,1,93,3,1,3
25,8,106.65,2,1,1
25,9,94.78,3,1,3
37,1,219.15,3,2,7
18,12,69.95,3,2,3
25,8,90.35,2,2,3
23,4,85,1,2,2
18,1,83.23,1,2,3
15,8,85.44,1,2,3
25,1,111.6,2,2,3
20,4,98.16,3,5,4
25,4,113.18,1,4,3
10,1,46.73,2,4,1
15,4,82.94,1,2,4
30,9,210.97,3,2,7
23,2,94.75,2,2,3
20,12,89,1,2,6
22,12,143.93,1,1,5
25,4,119,2,2,4
30,4,163.79,3,2,7
30,3,90.55,2,1,3
30,4,182.88,3,1,7
29,6,88.36,3,2,5
27,1,181.88,2,3,7
30,8,140.46,2,2,5
20,6,88.76,3,5,4
25,4,140.14,1,2,5
25,1,126.92,1,2,4
30,4,107,2,4,2
30,12,165.94,1,2,4
15,1,69,1,4,1
25,1,146.51,3,1,7
25,4,114.84,2,2,4
30,1,133.09,2,2,4
32,4,137.1,3,4,4
18,4,67.73,2,2,3
23,1,81.35,2,2,2
23,9,104.98,3,2,4
23,6,90,1,4,4
25,4,117.35,1,2,4
25,1,105,1,1,4
23,4,89.4,1,1,1
23,9,79.17,1,2,2
25,1,119.43,1,2,5
36,4,248.9,3,2,7
25,2,89.51,3,1,4
32,3,203.21,3,5,5
30,4,107.6,1,4,6
30,1,130,1,4,5
18,1,76.4,2,5,2
32,4,201.12,1,2,7
20,12,90.47,3,2,3
15,9,65.31,1,2,3
25,1,121.43,2,2,4
18,6,87.43,1,2,3
30,1,118.35,1,4,5
18,4,89,1,2,3
22,4,94.87,3,4,2
18,9,85.19,1,1,1
25,1,107,3,2,1
46,1,160,2,1,5
15,4,86.7,3,2,3
25,8,95.88,3,2,4
23,6,88.01,2,2,3
15,4,51.38,2,2,1
20,2,71,1,2,3
37,1,217.69,3,2,7
18,8,83,3,4,4
30,1,119.12,3,2,5
20,1,69.56,2,2,3
20,6,101,1,4,1
18,4,57.55,3,2,2
30,1,119,1,1,2
18,2,72.87,1,2,2
18,4,83.54,2,4,3
25,4,105.62,1,2,6
25,2,90.28,1,3,3
39,8,344,2,1,7
15,6,61.26,2,4,1
30,6,143.96,2,2,5
25,1,107.31,3,2,4
20,12,83.51,2,4,3
23,1,85.86,1,2,4
25,4,142.49,1,2,3
37,1,255,2,3,7
23,12,103.52,2,2,2
30,9,183,1,3,7
25,1,120.42,3,2,3
32,4,248.9,1,2,7
18,1,85.51,2,1,2
15,9,67.88,2,2,2
25,1,116,3,1,4
25,12,114.6,2,2,2
22,8,91.45,3,4,3
15,4,89.52,3,4,3
25,12,97,3,2,5
25,1,147.52,1,2,5
25,1,132.82,2,2,5
35,4,184.69,3,2,7
23,12,103.52,2,2,2
32,6,88.32,3,1,5
17,4,65,2,2,1
25,6,119.32,2,1,6
25,1,120.97,1,4,7
15,1,81.81,1,4,2
23,8,100.36,1,2,4
32,4,168.28,1,1,7
20,2,91.27,2,2,4
45,4,382,1,1,7
22,1,141.87,2,2,4
20,6,87.2,1,2,2
25,1,86.8,1,2,3
23,4,80.68,1,2,3
30,1,186.5,1,1,6
30,6,136.93,3,1,5
40,6,245.12,2,1,6
30,4,117,3,1,3
23,2,71.09,1,2,3
25,1,118.22,3,1,3
25,8,77.74,2,2,4
37,12,192.7,3,2,4
25,1,104.73,1,2,3
30,1,127.4,1,4,3
18,4,92.44,2,2,4
20,1,101.19,2,2,5
15,2,63.31,2,2,3
30,4,126.62,1,2,4
25,4,113.42,1,4,2
37,4,330.63,1,1,7
44,8,431.16,1,1,7
25,12,105.32,3,2,4
13,1,60,3,4,2
27,4,143.05,1,2,5
30,1,183,2,2,7
23,12,92.79,3,2,4
30,6,136.91,3,2,7
15,12,91.39,2,2,2
25,1,136,2,4,3
30,2,179.39,1,2,7
33,1,211.6,1,2,7
10,1,52.53,2,4,2
32,12,136.06,2,1,5
25,6,92,3,1,1
25,3,139.86,3,2,7
25,1,123.69,1,2,4
20,4,96.98,1,2,3
25,2,111.46,3,2,6
23,6,87.77,2,2,2
25,6,128.69,2,2,4
30,1,118.34,2,4,5
23,12,78.95,1,2,2
30,2,146.02,2,2,5
23,12,82.48,2,2,2
25,4,119.63,1,2,7
27,1,172,3,2,7
23,8,88.52,1,4,2
23,4,94.8,2,2,4
25,6,123.99,3,2,6
23,9,89,2,1,4
25,6,123.29,2,4,4
25,4,137.46,1,4,4
25,2,130.23,1,2,5
27,4,134.43,1,4,3
27,1,199,2,3,7
18,8,89.13,1,2,5
27,6,145.8,3,2,4
37,1,219.4,3,2,7
20,12,88.88,3,2,4
30,6,134.33,3,2,4
30,1,163.67,1,2,5
25,4,112.74,1,2,5
18,3,80,2,5,1
27,2,180,2,2,7
25,1,102.28,2,2,3
25,1,98,1,2,2
32,1,213.97,2,2,7
25,4,92.99,2,2,4
27,1,189.11,1,2,7
35,2,182.19,1,2,7
30,2,170,3,4,7
23,4,91.39,1,2,5
30,12,125,1,2,6
30,4,126.1,1,2,5
37,4,208.56,3,2,7
20,8,97.36,1,4,1
18,4,94.55,3,1,4
23,8,88.12,1,4,2
15,1,180,2,2,7
30,1,142.16,2,1,6
25,12,94.43,2,2,2
27,4,126.74,3,2,4
30,12,152.22,2,2,6
23,1,77,3,2,1
25,1,117.07,2,2,4
42,4,248,1,1,4
25,4,190.54,2,2,7
32,4,203,1,2,7
28,1,116,1,2,7
23,9,78.09,1,2,3
18,4,86,2,4,2
25,1,105.68,2,3,4
25,6,124.19,2,4,3
18,12,86,3,2,3
25,1,105.75,2,2,2
20,9,91.78,1,1,2
18,4,60,3,2,2
32,1,128.3,2,2,6
25,8,126.43,2,2,4
18,1,90.85,1,2,5
10,4,50,3,2,1
20,12,89.05,3,4,4
30,2,138,2,2,5
30,2,127,3,2,5
27,4,150.13,3,1,4
25,6,89.86,3,2,4
27,1,136,3,4,5
25,8,100.67,3,2,5
18,12,89.1,1,2,4
30,12,179.35,2,4,5
32,4,165.07,3,1,6
24,2,98.37,3,4,6
34,4,516.73,1,1,7
30,1,135.06,2,4,3
25,4,116,3,5,5
23,12,103.93,2,2,4
15,4,82.46,3,2,2
25,1,110.03,1,2,6
18,9,84.95,3,2,3
15,6,54,1,2,1
23,4,95,1,2,2
15,12,92.26,2,2,4
32,1,179.46,3,2,7
27,2,138.6,3,2,7
23,4,86.45,1,2,4
25,1,126.69,1,2,6
30,4,93,1,2,1
30,1,130,1,4,5
25,1,98,2,1,1
22,4,119.79,1,4,2
22,2,87.01,1,4,3
30,12,179.83,3,2,4
25,4,85.96,2,2,4
25,4,156.23,1,4,4
30,4,150,2,2,6
39,4,248.9,1,2,7
15,1,73.56,3,2,4
30,3,140.5,2,4,3
25,1,103.18,3,4,4
25,1,125.28,1,2,3
15,8,84.42,1,2,2
30,6,161.8,3,1,6
25,4,106.03,2,2,3
25,1,148,1,1,6
37,6,223.4,2,2,7
23,4,87.44,1,2,3
25,12,126.85,3,2,5
25,4,139.33,2,2,3
25,4,144.66,2,1,5
23,1,92.17,2,1,5
30,4,118.29,1,1,5
25,4,122,2,4,1
30,1,149.71,3,1,7
18,4,83.54,2,4,3
34,4,286.8,1,5,7
30,12,121.23,2,2,5
10,1,44.5,1,1,1
18,12,79.6,3,2,1
32,8,193.58,1,1,7
23,12,88.5,2,2,2
25,1,130.38,1,2,5
30,1,138,3,4,7
25,2,102,1,2,4
30,12,191.46,3,2,6
20,1,110.5,2,4,2
15,12,89.04,1,4,4
32,1,147,1,1,2
25,8,117.1,2,4,4
30,1,166,3,1,3
25,6,117.35,3,4,2
15,3,93.28,2,2,1
30,8,91.21,3,4,5
39,1,199.46,1,2,7
15,4,82.46,3,2,2
15,12,86.7,3,2,4
30,4,117,3,1,3
22,2,97,3,2,4
25,4,119.63,1,2,7
27,1,166.99,2,4,5
30,1,136.66,3,4,6
25,1,140.4,2,2,6
49,8,357.28,1,1,7
18,12,83.18,3,2,4
22,6,111.28,3,2,4
23,2,73.29,2,1,2
37,4,337,1,1,7
25,6,92,2,2,1
25,1,91.99,3,1,3
30,4,141.93,3,2,5
30,4,88.29,1,4,5
18,3,67,3,4,1
25,4,88.42,2,2,4
23,2,91.88,3,2,5
18,9,82.11,1,2,4
23,12,83.41,2,2,3
45,1,257,3,4,7
25,1,140.25,1,1,7
30,1,246,1,1,7
35,4,212.2,3,2,6
27,8,171,1,2,7
30,4,134.04,3,2,5
25,8,98.13,3,2,3
30,3,128.43,1,2,4
34,1,215.22,2,2,7
30,6,137.49,3,1,6
23,1,86.12,3,2,2
32,2,205,3,1,7
13,1,46,2,2,1
20,12,89.33,2,2,4
20,12,70.45,3,2,2
30,6,123.35,3,2,4
25,1,118,3,4,3
37,1,159.12,3,4,7
25,4,161,3,5,7
29,2,267.88,1,3,7
24,2,98.37,3,4,6
27,12,120.57,2,2,3
27,1,160.38,3,1,7
25,4,106.03,2,2,3
30,4,100,2,2,2
22,2,97,3,1,3
30,1,143.8,3,2,5
20,8,89.64,2,2,4
18,2,68.18,1,2,2
27,4,105.19,3,2,5
22,8,109.99,2,2,4
22,6,114.57,1,2,4
23,1,108,2,2,1
23,8,88.7,3,2,4
30,1,130,1,2,4
37,6,223.4,3,2,7
35,1,138,1,1,6
23,1,98.58,3,2,3
25,1,97.8,3,1,4
37,4,269.64,2,4,7
25,9,117.14,3,1,4
20,4,90.19,2,1,2
18,6,83.53,3,2,5
32,4,185,1,1,4
27,8,171,1,2,7
25,12,88.91,3,2,4
18,4,84.06,1,2,3
18,8,65.72,1,2,2
20,12,82.86,2,4,3
32,4,210,1,4,7
25,1,130.94,1,2,4
37,4,252.68,3,2,7
23,4,63.87,2,2,2
22,2,109.82,1,2,2
15,4,52.58,2,4,1
45,4,382,1,1,7
10,1,44.5,1,1,1
25,12,100,3,2,4
15,8,58.92,2,4,1
23,4,101.42,2,5,4
25,4,133.8,3,4,3
32,1,144,2,1,4
18,12,80.36,1,5,1
22,4,116.03,2,4,4
20,9,86.59,3,4,4
25,4,116,1,2,2
25,9,116.46,1,2,4
23,2,89,2,2,4
22,9,113.82,3,4,2
18,12,56.92,3,2,2
30,1,142.16,2,1,7
23,1,86.75,3,4,2
15,6,54,2,1,1
39,8,380,1,2,7
10,4,41,3,2,1
39,4,248.9,1,2,7
22,1,132.79,2,2,5
15,12,71.32,2,2,3
30,12,114.98,2,2,3
20,12,84,1,2,2
25,1,128.82,3,2,3
22,4,109.11,1,1,5
22,8,94.18,3,2,3
25,4,120.62,2,2,4
34,1,331.31,1,3,7
25,1,90,2,1,1
27,3,133.71,3,4,6
38,4,123,1,1,3
30,4,109.53,3,2,6
25,12,102.18,2,2,5
30,1,143.78,3,2,6
30,8,186.64,2,2,7
39,9,246.73,1,4,7
25,12,89.08,2,2,2
20,6,85.82,3,4,1
53,8,554,1,1,7
23,1,99.04,1,2,4
18,4,89.16,3,2,3
25,4,114,3,2,4
32,8,250,2,1,7
37,1,183,3,2,7
25,12,135.34,2,4,4
30,12,183,1,2,7
30,8,118.32,1,2,5
20,12,89,1,2,6
18,12,86.36,1,4,3
44,4,281.89,3,1,7
25,4,92,2,2,2
27,2,180.72,3,2,7
18,2,90,1,2,2
25,6,112.39,1,2,4
25,1,115.29,1,2,4
18,2,60.36,2,2,1
25,4,138.09,2,2,4
32,12,161.8,2,1,6
22,12,203,3,2,5
15,4,77.19,3,2,4
25,12,118.5,1,4,4
35,1,185.24,1,2,7
25,8,87.24,1,2,5
18,4,99.7,1,2,3
18,3,71.62,3,2,3
25,1,130.94,1,2,4
37,4,248.9,1,2,7
30,4,138.28,1,2,7
30,2,185.6,1,2,7
25,4,132.52,2,2,3
22,8,127.3,2,1,4
10,4,88,1,2,5
15,8,81.65,3,2,2
22,4,91.87,2,2,4
23,6,88.01,2,2,3
25,1,137.96,3,2,5
25,12,86.95,1,2,3
36,4,248.9,3,2,7
30,12,132.59,3,1,3
25,8,119.03,2,2,4
15,2,58.78,2,2,3
25,6,92,3,1,1
32,1,236,2,2,7
23,4,139.02,2,4,7
20,2,92.33,1,1,1
30,9,210.97,3,2,7
37,1,253,3,2,7
25,6,110.22,1,2,3
23,4,108,2,2,2
25,6,121.47,2,2,4
30,12,191.46,3,2,6
30,2,120.84,1,2,5
